ID,Radius,Pad,U,G,Pin,PinColID,PinRowID,FEE,FEE_Connector,FEE_Chan
129,0,0,2,1,B4,1,4,7.0,J1,25
152,0,1,2,1,C3,2,3,7.0,J1,29
181,0,2,2,1,D8,3,8,7.0,J1,3
204,0,3,2,1,E7,4,7,7.0,J1,7
227,0,4,2,1,F6,5,6,7.0,J1,11
130,0,5,2,1,B5,1,5,7.0,J1,18
153,0,6,2,1,C4,2,4,7.0,J1,22
176,0,7,2,1,D3,3,3,7.0,J1,26
205,0,8,2,1,E8,4,8,7.0,J1,0
228,0,9,2,1,F7,5,7,7.0,J1,4
131,0,10,2,1,B6,1,6,7.0,J1,15
154,0,11,2,1,C5,2,5,7.0,J1,19
177,0,12,2,1,D4,3,4,7.0,J1,23
200,0,13,2,1,E3,4,3,7.0,J1,27
229,0,14,2,1,F8,5,8,7.0,J1,1
249,0,15,2,1,F2,5,2,7.0,J1,31
385,0,16,4,1,B4,1,4,6.0,J1,25
408,0,17,4,1,C3,2,3,6.0,J1,29
437,0,18,4,1,D8,3,8,6.0,J1,3
460,0,19,4,1,E7,4,7,6.0,J1,7
483,0,20,4,1,F6,5,6,6.0,J1,11
386,0,21,4,1,B5,1,5,6.0,J1,18
409,0,22,4,1,C4,2,4,6.0,J1,22
432,0,23,4,1,D3,3,3,6.0,J1,26
461,0,24,4,1,E8,4,8,6.0,J1,0
387,0,25,4,1,B6,1,6,6.0,J1,15
410,0,26,4,1,C5,2,5,6.0,J1,19
433,0,27,4,1,D4,3,4,6.0,J1,23
456,0,28,4,1,E3,4,3,6.0,J1,27
485,0,29,4,1,F8,5,8,6.0,J1,1
505,0,30,4,1,F2,5,2,6.0,J1,31
484,0,31,4,1,F7,5,7,6.0,J1,4
641,0,32,6,1,B4,1,4,5.0,J1,25
664,0,33,6,1,C3,2,3,5.0,J1,29
693,0,34,6,1,D8,3,8,5.0,J1,3
716,0,35,6,1,E7,4,7,5.0,J1,7
642,0,36,6,1,B5,1,5,5.0,J1,18
665,0,37,6,1,C4,2,4,5.0,J1,22
643,0,38,6,1,B6,1,6,5.0,J1,15
666,0,39,6,1,C5,2,5,5.0,J1,19
689,0,40,6,1,D4,3,4,5.0,J1,23
712,0,41,6,1,E3,4,3,5.0,J1,27
741,0,42,6,1,F8,5,8,5.0,J1,1
761,0,43,6,1,F2,5,2,5.0,J1,31
688,0,44,6,1,D3,3,3,5.0,J1,26
717,0,45,6,1,E8,4,8,5.0,J1,0
740,0,46,6,1,F7,5,7,5.0,J1,4
739,0,47,6,1,F6,5,6,5.0,J1,11
897,0,48,8,1,B4,1,4,4.0,J1,25
898,0,49,8,1,B5,1,5,4.0,J1,18
921,0,50,8,1,C4,2,4,4.0,J1,22
899,0,51,8,1,B6,1,6,4.0,J1,15
922,0,52,8,1,C5,2,5,4.0,J1,19
945,0,53,8,1,D4,3,4,4.0,J1,23
968,0,54,8,1,E3,4,3,4.0,J1,27
997,0,55,8,1,F8,5,8,4.0,J1,1
1017,0,56,8,1,F2,5,2,4.0,J1,31
944,0,57,8,1,D3,3,3,4.0,J1,26
973,0,58,8,1,E8,4,8,4.0,J1,0
996,0,59,8,1,F7,5,7,4.0,J1,4
920,0,60,8,1,C3,2,3,4.0,J1,29
949,0,61,8,1,D8,3,8,4.0,J1,3
972,0,62,8,1,E7,4,7,4.0,J1,7
995,0,63,8,1,F6,5,6,4.0,J1,11
1155,0,64,10,1,B6,1,6,3.0,J1,15
1178,0,65,10,1,C5,2,5,3.0,J1,19
1201,0,66,10,1,D4,3,4,3.0,J1,23
1224,0,67,10,1,E3,4,3,3.0,J1,27
1253,0,68,10,1,F8,5,8,3.0,J1,1
1273,0,69,10,1,F2,5,2,3.0,J1,31
1154,0,70,10,1,B5,1,5,3.0,J1,18
1177,0,71,10,1,C4,2,4,3.0,J1,22
1200,0,72,10,1,D3,3,3,3.0,J1,26
1229,0,73,10,1,E8,4,8,3.0,J1,0
1252,0,74,10,1,F7,5,7,3.0,J1,4
1153,0,75,10,1,B4,1,4,3.0,J1,25
1176,0,76,10,1,C3,2,3,3.0,J1,29
1205,0,77,10,1,D8,3,8,3.0,J1,3
1228,0,78,10,1,E7,4,7,3.0,J1,7
1251,0,79,10,1,F6,5,6,3.0,J1,11
1411,0,80,12,1,B6,1,6,2.0,J1,15
1434,0,81,12,1,C5,2,5,2.0,J1,19
1457,0,82,12,1,D4,3,4,2.0,J1,23
1480,0,83,12,1,E3,4,3,2.0,J1,27
1509,0,84,12,1,F8,5,8,2.0,J1,1
1529,0,85,12,1,F2,5,2,2.0,J1,31
1410,0,86,12,1,B5,1,5,2.0,J1,18
1433,0,87,12,1,C4,2,4,2.0,J1,22
1456,0,88,12,1,D3,3,3,2.0,J1,26
1485,0,89,12,1,E8,4,8,2.0,J1,0
1508,0,90,12,1,F7,5,7,2.0,J1,4
1409,0,91,12,1,B4,1,4,2.0,J1,25
1432,0,92,12,1,C3,2,3,2.0,J1,29
1461,0,93,12,1,D8,3,8,2.0,J1,3
1484,0,94,12,1,E7,4,7,2.0,J1,7
1507,0,95,12,1,F6,5,6,2.0,J1,11
1667,0,96,14,1,B6,1,6,1.0,J1,15
1690,0,97,14,1,C5,2,5,1.0,J1,19
1713,0,98,14,1,D4,3,4,1.0,J1,23
1736,0,99,14,1,E3,4,3,1.0,J1,27
1765,0,100,14,1,F8,5,8,1.0,J1,1
1785,0,101,14,1,F2,5,2,1.0,J1,31
1666,0,102,14,1,B5,1,5,1.0,J1,18
1689,0,103,14,1,C4,2,4,1.0,J1,22
1712,0,104,14,1,D3,3,3,1.0,J1,26
1741,0,105,14,1,E8,4,8,1.0,J1,0
1764,0,106,14,1,F7,5,7,1.0,J1,4
1665,0,107,14,1,B4,1,4,1.0,J1,25
1688,0,108,14,1,C3,2,3,1.0,J1,29
1717,0,109,14,1,D8,3,8,1.0,J1,3
1740,0,110,14,1,E7,4,7,1.0,J1,7
1763,0,111,14,1,F6,5,6,1.0,J1,11
1923,0,112,16,1,B6,1,6,0.0,J1,15
1946,0,113,16,1,C5,2,5,0.0,J1,19
1969,0,114,16,1,D4,3,4,0.0,J1,23
1992,0,115,16,1,E3,4,3,0.0,J1,27
2021,0,116,16,1,F8,5,8,0.0,J1,1
2041,0,117,16,1,F2,5,2,0.0,J1,31
1922,0,118,16,1,B5,1,5,0.0,J1,18
1945,0,119,16,1,C4,2,4,0.0,J1,22
1968,0,120,16,1,D3,3,3,0.0,J1,26
1997,0,121,16,1,E8,4,8,0.0,J1,0
2020,0,122,16,1,F7,5,7,0.0,J1,4
1921,0,123,16,1,B4,1,4,0.0,J1,25
1944,0,124,16,1,C3,2,3,0.0,J1,29
1973,0,125,16,1,D8,3,8,0.0,J1,3
1996,0,126,16,1,E7,4,7,0.0,J1,7
2019,0,127,16,1,F6,5,6,0.0,J1,11
128,1,0,2,1,B3,1,3,7.0,J1,28
157,1,1,2,1,C8,2,8,7.0,J1,2
180,1,2,2,1,D7,3,7,7.0,J1,6
203,1,3,2,1,E6,4,6,7.0,J1,10
226,1,4,2,1,F5,5,5,7.0,J1,14
133,1,5,2,1,B8,1,8,7.0,J1,5
156,1,6,2,1,C7,2,7,7.0,J1,9
179,1,7,2,1,D6,3,6,7.0,J1,13
202,1,8,2,1,E5,4,5,7.0,J1,17
225,1,9,2,1,F4,5,4,7.0,J1,21
132,1,10,2,1,B7,1,7,7.0,J1,8
155,1,11,2,1,C6,2,6,7.0,J1,12
178,1,12,2,1,D5,3,5,7.0,J1,16
201,1,13,2,1,E4,4,4,7.0,J1,20
224,1,14,2,1,F3,5,3,7.0,J1,24
248,1,15,2,1,E2,4,2,7.0,J1,30
384,1,16,4,1,B3,1,3,6.0,J1,28
413,1,17,4,1,C8,2,8,6.0,J1,2
436,1,18,4,1,D7,3,7,6.0,J1,6
459,1,19,4,1,E6,4,6,6.0,J1,10
482,1,20,4,1,F5,5,5,6.0,J1,14
389,1,21,4,1,B8,1,8,6.0,J1,5
412,1,22,4,1,C7,2,7,6.0,J1,9
435,1,23,4,1,D6,3,6,6.0,J1,13
458,1,24,4,1,E5,4,5,6.0,J1,17
388,1,25,4,1,B7,1,7,6.0,J1,8
411,1,26,4,1,C6,2,6,6.0,J1,12
434,1,27,4,1,D5,3,5,6.0,J1,16
457,1,28,4,1,E4,4,4,6.0,J1,20
480,1,29,4,1,F3,5,3,6.0,J1,24
504,1,30,4,1,E2,4,2,6.0,J1,30
481,1,31,4,1,F4,5,4,6.0,J1,21
640,1,32,6,1,B3,1,3,5.0,J1,28
669,1,33,6,1,C8,2,8,5.0,J1,2
692,1,34,6,1,D7,3,7,5.0,J1,6
715,1,35,6,1,E6,4,6,5.0,J1,10
645,1,36,6,1,B8,1,8,5.0,J1,5
668,1,37,6,1,C7,2,7,5.0,J1,9
644,1,38,6,1,B7,1,7,5.0,J1,8
667,1,39,6,1,C6,2,6,5.0,J1,12
690,1,40,6,1,D5,3,5,5.0,J1,16
713,1,41,6,1,E4,4,4,5.0,J1,20
736,1,42,6,1,F3,5,3,5.0,J1,24
760,1,43,6,1,E2,4,2,5.0,J1,30
691,1,44,6,1,D6,3,6,5.0,J1,13
714,1,45,6,1,E5,4,5,5.0,J1,17
737,1,46,6,1,F4,5,4,5.0,J1,21
738,1,47,6,1,F5,5,5,5.0,J1,14
896,1,48,8,1,B3,1,3,4.0,J1,28
901,1,49,8,1,B8,1,8,4.0,J1,5
924,1,50,8,1,C7,2,7,4.0,J1,9
900,1,51,8,1,B7,1,7,4.0,J1,8
923,1,52,8,1,C6,2,6,4.0,J1,12
946,1,53,8,1,D5,3,5,4.0,J1,16
969,1,54,8,1,E4,4,4,4.0,J1,20
992,1,55,8,1,F3,5,3,4.0,J1,24
1016,1,56,8,1,E2,4,2,4.0,J1,30
947,1,57,8,1,D6,3,6,4.0,J1,13
970,1,58,8,1,E5,4,5,4.0,J1,17
993,1,59,8,1,F4,5,4,4.0,J1,21
925,1,60,8,1,C8,2,8,4.0,J1,2
948,1,61,8,1,D7,3,7,4.0,J1,6
971,1,62,8,1,E6,4,6,4.0,J1,10
994,1,63,8,1,F5,5,5,4.0,J1,14
1156,1,64,10,1,B7,1,7,3.0,J1,8
1179,1,65,10,1,C6,2,6,3.0,J1,12
1202,1,66,10,1,D5,3,5,3.0,J1,16
1225,1,67,10,1,E4,4,4,3.0,J1,20
1248,1,68,10,1,F3,5,3,3.0,J1,24
1272,1,69,10,1,E2,4,2,3.0,J1,30
1157,1,70,10,1,B8,1,8,3.0,J1,5
1180,1,71,10,1,C7,2,7,3.0,J1,9
1203,1,72,10,1,D6,3,6,3.0,J1,13
1226,1,73,10,1,E5,4,5,3.0,J1,17
1249,1,74,10,1,F4,5,4,3.0,J1,21
1152,1,75,10,1,B3,1,3,3.0,J1,28
1181,1,76,10,1,C8,2,8,3.0,J1,2
1204,1,77,10,1,D7,3,7,3.0,J1,6
1227,1,78,10,1,E6,4,6,3.0,J1,10
1250,1,79,10,1,F5,5,5,3.0,J1,14
1412,1,80,12,1,B7,1,7,2.0,J1,8
1435,1,81,12,1,C6,2,6,2.0,J1,12
1458,1,82,12,1,D5,3,5,2.0,J1,16
1481,1,83,12,1,E4,4,4,2.0,J1,20
1504,1,84,12,1,F3,5,3,2.0,J1,24
1528,1,85,12,1,E2,4,2,2.0,J1,30
1413,1,86,12,1,B8,1,8,2.0,J1,5
1436,1,87,12,1,C7,2,7,2.0,J1,9
1459,1,88,12,1,D6,3,6,2.0,J1,13
1482,1,89,12,1,E5,4,5,2.0,J1,17
1505,1,90,12,1,F4,5,4,2.0,J1,21
1408,1,91,12,1,B3,1,3,2.0,J1,28
1437,1,92,12,1,C8,2,8,2.0,J1,2
1460,1,93,12,1,D7,3,7,2.0,J1,6
1483,1,94,12,1,E6,4,6,2.0,J1,10
1506,1,95,12,1,F5,5,5,2.0,J1,14
1668,1,96,14,1,B7,1,7,1.0,J1,8
1691,1,97,14,1,C6,2,6,1.0,J1,12
1714,1,98,14,1,D5,3,5,1.0,J1,16
1737,1,99,14,1,E4,4,4,1.0,J1,20
1760,1,100,14,1,F3,5,3,1.0,J1,24
1784,1,101,14,1,E2,4,2,1.0,J1,30
1669,1,102,14,1,B8,1,8,1.0,J1,5
1692,1,103,14,1,C7,2,7,1.0,J1,9
1715,1,104,14,1,D6,3,6,1.0,J1,13
1738,1,105,14,1,E5,4,5,1.0,J1,17
1761,1,106,14,1,F4,5,4,1.0,J1,21
1664,1,107,14,1,B3,1,3,1.0,J1,28
1693,1,108,14,1,C8,2,8,1.0,J1,2
1716,1,109,14,1,D7,3,7,1.0,J1,6
1739,1,110,14,1,E6,4,6,1.0,J1,10
1762,1,111,14,1,F5,5,5,1.0,J1,14
1924,1,112,16,1,B7,1,7,0.0,J1,8
1947,1,113,16,1,C6,2,6,0.0,J1,12
1970,1,114,16,1,D5,3,5,0.0,J1,16
1993,1,115,16,1,E4,4,4,0.0,J1,20
2016,1,116,16,1,F3,5,3,0.0,J1,24
2040,1,117,16,1,E2,4,2,0.0,J1,30
1925,1,118,16,1,B8,1,8,0.0,J1,5
1948,1,119,16,1,C7,2,7,0.0,J1,9
1971,1,120,16,1,D6,3,6,0.0,J1,13
1994,1,121,16,1,E5,4,5,0.0,J1,17
2017,1,122,16,1,F4,5,4,0.0,J1,21
1920,1,123,16,1,B3,1,3,0.0,J1,28
1949,1,124,16,1,C8,2,8,0.0,J1,2
1972,1,125,16,1,D7,3,7,0.0,J1,6
1995,1,126,16,1,E6,4,6,0.0,J1,10
2018,1,127,16,1,F5,5,5,0.0,J1,14
163,2,0,2,1,C15,2,15,7.0,J1,34
211,2,1,2,1,E15,4,15,7.0,J1,32
235,2,2,2,1,F15,5,15,7.0,J1,33
186,2,3,2,1,D14,3,14,7.0,J1,38
210,2,4,2,1,E14,4,14,7.0,J1,39
161,2,5,2,1,C13,2,13,7.0,J1,44
185,2,6,2,1,D13,3,13,7.0,J1,45
233,2,7,2,1,F13,5,13,7.0,J1,43
160,2,8,2,1,C12,2,12,7.0,J1,51
184,2,9,2,1,D12,3,12,7.0,J1,48
232,2,10,2,1,F12,5,12,7.0,J1,46
231,2,11,2,1,F11,5,11,7.0,J1,53
230,2,12,2,1,F10,5,10,7.0,J1,56
135,2,13,2,1,B11,1,11,7.0,J1,57
159,2,14,2,1,C11,2,11,7.0,J1,54
183,2,15,2,1,D11,3,11,7.0,J1,55
419,2,16,4,1,C15,2,15,6.0,J1,34
443,2,17,4,1,D15,3,15,6.0,J1,35
491,2,18,4,1,F15,5,15,6.0,J1,33
418,2,19,4,1,C14,2,14,6.0,J1,41
490,2,20,4,1,F14,5,14,6.0,J1,36
417,2,21,4,1,C13,2,13,6.0,J1,44
465,2,22,4,1,E13,4,13,6.0,J1,42
489,2,23,4,1,F13,5,13,6.0,J1,43
416,2,24,4,1,C12,2,12,6.0,J1,51
464,2,25,4,1,E12,4,12,6.0,J1,49
391,2,26,4,1,B11,1,11,6.0,J1,57
415,2,27,4,1,C11,2,11,6.0,J1,54
439,2,28,4,1,D11,3,11,6.0,J1,55
463,2,29,4,1,E11,4,11,6.0,J1,52
487,2,30,4,1,F11,5,11,6.0,J1,53
488,2,31,4,1,F12,5,12,6.0,J1,46
675,2,32,6,1,C15,2,15,5.0,J1,34
699,2,33,6,1,D15,3,15,5.0,J1,35
747,2,34,6,1,F15,5,15,5.0,J1,33
674,2,35,6,1,C14,2,14,5.0,J1,41
649,2,36,6,1,B13,1,13,5.0,J1,47
697,2,37,6,1,D13,3,13,5.0,J1,45
696,2,38,6,1,D12,3,12,5.0,J1,48
647,2,39,6,1,B11,1,11,5.0,J1,57
671,2,40,6,1,C11,2,11,5.0,J1,54
695,2,41,6,1,D11,3,11,5.0,J1,55
719,2,42,6,1,E11,4,11,5.0,J1,52
743,2,43,6,1,F11,5,11,5.0,J1,53
720,2,44,6,1,E12,4,12,5.0,J1,49
744,2,45,6,1,F12,5,12,5.0,J1,46
763,2,46,6,1,F9,5,9,5.0,J1,63
746,2,47,6,1,F14,5,14,5.0,J1,36
906,2,48,8,1,B14,1,14,4.0,J1,40
929,2,49,8,1,C13,2,13,4.0,J1,44
953,2,50,8,1,D13,3,13,4.0,J1,45
952,2,51,8,1,D12,3,12,4.0,J1,48
903,2,52,8,1,B11,1,11,4.0,J1,57
927,2,53,8,1,C11,2,11,4.0,J1,54
951,2,54,8,1,D11,3,11,4.0,J1,55
975,2,55,8,1,E11,4,11,4.0,J1,52
999,2,56,8,1,F11,5,11,4.0,J1,53
976,2,57,8,1,E12,4,12,4.0,J1,49
1000,2,58,8,1,F12,5,12,4.0,J1,46
1001,2,59,8,1,F13,5,13,4.0,J1,43
978,2,60,8,1,E14,4,14,4.0,J1,39
1002,2,61,8,1,F14,5,14,4.0,J1,36
931,2,62,8,1,C15,2,15,4.0,J1,34
979,2,63,8,1,E15,4,15,4.0,J1,32
1160,2,64,10,1,B12,1,12,3.0,J1,50
1159,2,65,10,1,B11,1,11,3.0,J1,57
1183,2,66,10,1,C11,2,11,3.0,J1,54
1207,2,67,10,1,D11,3,11,3.0,J1,55
1231,2,68,10,1,E11,4,11,3.0,J1,52
1255,2,69,10,1,F11,5,11,3.0,J1,53
1208,2,70,10,1,D12,3,12,3.0,J1,48
1232,2,71,10,1,E12,4,12,3.0,J1,49
1185,2,72,10,1,C13,2,13,3.0,J1,44
1233,2,73,10,1,E13,4,13,3.0,J1,42
1275,2,74,10,1,F9,5,9,3.0,J1,63
1162,2,75,10,1,B14,1,14,3.0,J1,40
1210,2,76,10,1,D14,3,14,3.0,J1,38
1258,2,77,10,1,F14,5,14,3.0,J1,36
1187,2,78,10,1,C15,2,15,3.0,J1,34
1235,2,79,10,1,E15,4,15,3.0,J1,32
1439,2,80,12,1,C11,2,11,2.0,J1,54
1463,2,81,12,1,D11,3,11,2.0,J1,55
1487,2,82,12,1,E11,4,11,2.0,J1,52
1511,2,83,12,1,F11,5,11,2.0,J1,53
1414,2,84,12,1,B10,1,10,2.0,J1,60
1415,2,85,12,1,B11,1,11,2.0,J1,57
1440,2,86,12,1,C12,2,12,2.0,J1,51
1488,2,87,12,1,E12,4,12,2.0,J1,49
1441,2,88,12,1,C13,2,13,2.0,J1,44
1465,2,89,12,1,D13,3,13,2.0,J1,45
1531,2,90,12,1,F9,5,9,2.0,J1,63
1418,2,91,12,1,B14,1,14,2.0,J1,40
1466,2,92,12,1,D14,3,14,2.0,J1,38
1514,2,93,12,1,F14,5,14,2.0,J1,36
1467,2,94,12,1,D15,3,15,2.0,J1,35
1491,2,95,12,1,E15,4,15,2.0,J1,32
1767,2,96,14,1,F11,5,11,1.0,J1,53
1670,2,97,14,1,B10,1,10,1.0,J1,60
1694,2,98,14,1,C10,2,10,1.0,J1,61
1742,2,99,14,1,E10,4,10,1.0,J1,59
1719,2,100,14,1,D11,3,11,1.0,J1,55
1743,2,101,14,1,E11,4,11,1.0,J1,52
1696,2,102,14,1,C12,2,12,1.0,J1,51
1768,2,103,14,1,F12,5,12,1.0,J1,46
1697,2,104,14,1,C13,2,13,1.0,J1,44
1721,2,105,14,1,D13,3,13,1.0,J1,45
1769,2,106,14,1,F13,5,13,1.0,J1,43
1698,2,107,14,1,C14,2,14,1.0,J1,41
1746,2,108,14,1,E14,4,14,1.0,J1,39
1770,2,109,14,1,F14,5,14,1.0,J1,36
1723,2,110,14,1,D15,3,15,1.0,J1,35
1747,2,111,14,1,E15,4,15,1.0,J1,32
1950,2,112,16,1,C10,2,10,0.0,J1,61
1998,2,113,16,1,E10,4,10,0.0,J1,59
2042,2,114,16,1,E9,4,9,0.0,J1,62
1927,2,115,16,1,B11,1,11,0.0,J1,57
1999,2,116,16,1,E11,4,11,0.0,J1,52
2023,2,117,16,1,F11,5,11,0.0,J1,53
1976,2,118,16,1,D12,3,12,0.0,J1,48
2000,2,119,16,1,E12,4,12,0.0,J1,49
1929,2,120,16,1,B13,1,13,0.0,J1,47
2001,2,121,16,1,E13,4,13,0.0,J1,42
2025,2,122,16,1,F13,5,13,0.0,J1,43
1930,2,123,16,1,B14,1,14,0.0,J1,40
2002,2,124,16,1,E14,4,14,0.0,J1,39
2026,2,125,16,1,F14,5,14,0.0,J1,36
1979,2,126,16,1,D15,3,15,0.0,J1,35
2003,2,127,16,1,E15,4,15,0.0,J1,32
139,3,0,2,1,B15,1,15,7.0,J1,37
187,3,1,2,1,D15,3,15,7.0,J1,35
138,3,2,2,1,B14,1,14,7.0,J1,40
162,3,3,2,1,C14,2,14,7.0,J1,41
234,3,4,2,1,F14,5,14,7.0,J1,36
137,3,5,2,1,B13,1,13,7.0,J1,47
209,3,6,2,1,E13,4,13,7.0,J1,42
251,3,7,2,1,F9,5,9,7.0,J1,63
136,3,8,2,1,B12,1,12,7.0,J1,50
208,3,9,2,1,E12,4,12,7.0,J1,49
207,3,10,2,1,E11,4,11,7.0,J1,52
206,3,11,2,1,E10,4,10,7.0,J1,59
250,3,12,2,1,E9,4,9,7.0,J1,62
134,3,13,2,1,B10,1,10,7.0,J1,60
158,3,14,2,1,C10,2,10,7.0,J1,61
182,3,15,2,1,D10,3,10,7.0,J1,58
395,3,16,4,1,B15,1,15,6.0,J1,37
467,3,17,4,1,E15,4,15,6.0,J1,32
394,3,18,4,1,B14,1,14,6.0,J1,40
442,3,19,4,1,D14,3,14,6.0,J1,38
466,3,20,4,1,E14,4,14,6.0,J1,39
393,3,21,4,1,B13,1,13,6.0,J1,47
441,3,22,4,1,D13,3,13,6.0,J1,45
507,3,23,4,1,F9,5,9,6.0,J1,63
392,3,24,4,1,B12,1,12,6.0,J1,50
440,3,25,4,1,D12,3,12,6.0,J1,48
390,3,26,4,1,B10,1,10,6.0,J1,60
414,3,27,4,1,C10,2,10,6.0,J1,61
438,3,28,4,1,D10,3,10,6.0,J1,58
462,3,29,4,1,E10,4,10,6.0,J1,59
486,3,30,4,1,F10,5,10,6.0,J1,56
506,3,31,4,1,E9,4,9,6.0,J1,62
651,3,32,6,1,B15,1,15,5.0,J1,37
723,3,33,6,1,E15,4,15,5.0,J1,32
650,3,34,6,1,B14,1,14,5.0,J1,40
698,3,35,6,1,D14,3,14,5.0,J1,38
673,3,36,6,1,C13,2,13,5.0,J1,44
648,3,37,6,1,B12,1,12,5.0,J1,50
672,3,38,6,1,C12,2,12,5.0,J1,51
646,3,39,6,1,B10,1,10,5.0,J1,60
670,3,40,6,1,C10,2,10,5.0,J1,61
694,3,41,6,1,D10,3,10,5.0,J1,58
718,3,42,6,1,E10,4,10,5.0,J1,59
742,3,43,6,1,F10,5,10,5.0,J1,56
762,3,44,6,1,E9,4,9,5.0,J1,62
721,3,45,6,1,E13,4,13,5.0,J1,42
745,3,46,6,1,F13,5,13,5.0,J1,43
722,3,47,6,1,E14,4,14,5.0,J1,39
930,3,48,8,1,C14,2,14,4.0,J1,41
905,3,49,8,1,B13,1,13,4.0,J1,47
904,3,50,8,1,B12,1,12,4.0,J1,50
928,3,51,8,1,C12,2,12,4.0,J1,51
902,3,52,8,1,B10,1,10,4.0,J1,60
926,3,53,8,1,C10,2,10,4.0,J1,61
950,3,54,8,1,D10,3,10,4.0,J1,58
974,3,55,8,1,E10,4,10,4.0,J1,59
998,3,56,8,1,F10,5,10,4.0,J1,56
1018,3,57,8,1,E9,4,9,4.0,J1,62
977,3,58,8,1,E13,4,13,4.0,J1,42
1019,3,59,8,1,F9,5,9,4.0,J1,63
954,3,60,8,1,D14,3,14,4.0,J1,38
907,3,61,8,1,B15,1,15,4.0,J1,37
955,3,62,8,1,D15,3,15,4.0,J1,35
1003,3,63,8,1,F15,5,15,4.0,J1,33
1184,3,64,10,1,C12,2,12,3.0,J1,51
1158,3,65,10,1,B10,1,10,3.0,J1,60
1182,3,66,10,1,C10,2,10,3.0,J1,61
1206,3,67,10,1,D10,3,10,3.0,J1,58
1230,3,68,10,1,E10,4,10,3.0,J1,59
1254,3,69,10,1,F10,5,10,3.0,J1,56
1274,3,70,10,1,E9,4,9,3.0,J1,62
1256,3,71,10,1,F12,5,12,3.0,J1,46
1161,3,72,10,1,B13,1,13,3.0,J1,47
1209,3,73,10,1,D13,3,13,3.0,J1,45
1257,3,74,10,1,F13,5,13,3.0,J1,43
1186,3,75,10,1,C14,2,14,3.0,J1,41
1234,3,76,10,1,E14,4,14,3.0,J1,39
1163,3,77,10,1,B15,1,15,3.0,J1,37
1211,3,78,10,1,D15,3,15,3.0,J1,35
1259,3,79,10,1,F15,5,15,3.0,J1,33
1438,3,80,12,1,C10,2,10,2.0,J1,61
1462,3,81,12,1,D10,3,10,2.0,J1,58
1486,3,82,12,1,E10,4,10,2.0,J1,59
1510,3,83,12,1,F10,5,10,2.0,J1,56
1530,3,84,12,1,E9,4,9,2.0,J1,62
1416,3,85,12,1,B12,1,12,2.0,J1,50
1464,3,86,12,1,D12,3,12,2.0,J1,48
1512,3,87,12,1,F12,5,12,2.0,J1,46
1417,3,88,12,1,B13,1,13,2.0,J1,47
1489,3,89,12,1,E13,4,13,2.0,J1,42
1513,3,90,12,1,F13,5,13,2.0,J1,43
1442,3,91,12,1,C14,2,14,2.0,J1,41
1490,3,92,12,1,E14,4,14,2.0,J1,39
1419,3,93,12,1,B15,1,15,2.0,J1,37
1443,3,94,12,1,C15,2,15,2.0,J1,34
1515,3,95,12,1,F15,5,15,2.0,J1,33
1766,3,96,14,1,F10,5,10,1.0,J1,56
1786,3,97,14,1,E9,4,9,1.0,J1,62
1718,3,98,14,1,D10,3,10,1.0,J1,58
1671,3,99,14,1,B11,1,11,1.0,J1,57
1695,3,100,14,1,C11,2,11,1.0,J1,54
1672,3,101,14,1,B12,1,12,1.0,J1,50
1720,3,102,14,1,D12,3,12,1.0,J1,48
1744,3,103,14,1,E12,4,12,1.0,J1,49
1673,3,104,14,1,B13,1,13,1.0,J1,47
1745,3,105,14,1,E13,4,13,1.0,J1,42
1787,3,106,14,1,F9,5,9,1.0,J1,63
1674,3,107,14,1,B14,1,14,1.0,J1,40
1722,3,108,14,1,D14,3,14,1.0,J1,38
1675,3,109,14,1,B15,1,15,1.0,J1,37
1699,3,110,14,1,C15,2,15,1.0,J1,34
1771,3,111,14,1,F15,5,15,1.0,J1,33
1926,3,112,16,1,B10,1,10,0.0,J1,60
1974,3,113,16,1,D10,3,10,0.0,J1,58
2022,3,114,16,1,F10,5,10,0.0,J1,56
1951,3,115,16,1,C11,2,11,0.0,J1,54
1975,3,116,16,1,D11,3,11,0.0,J1,55
1928,3,117,16,1,B12,1,12,0.0,J1,50
1952,3,118,16,1,C12,2,12,0.0,J1,51
2024,3,119,16,1,F12,5,12,0.0,J1,46
1953,3,120,16,1,C13,2,13,0.0,J1,44
1977,3,121,16,1,D13,3,13,0.0,J1,45
2043,3,122,16,1,F9,5,9,0.0,J1,63
1954,3,123,16,1,C14,2,14,0.0,J1,41
1978,3,124,16,1,D14,3,14,0.0,J1,38
1931,3,125,16,1,B15,1,15,0.0,J1,37
1955,3,126,16,1,C15,2,15,0.0,J1,34
2027,3,127,16,1,F15,5,15,0.0,J1,33
142,4,0,2,1,B19,1,19,7.0,J1,82
166,4,1,2,1,C19,2,19,7.0,J1,83
190,4,2,2,1,D19,3,19,7.0,J1,80
214,4,3,2,1,E19,4,19,7.0,J1,81
238,4,4,2,1,F19,5,19,7.0,J1,78
141,4,5,2,1,B18,1,18,7.0,J1,89
165,4,6,2,1,C18,2,18,7.0,J1,86
189,4,7,2,1,D18,3,18,7.0,J1,87
213,4,8,2,1,E18,4,18,7.0,J1,84
237,4,9,2,1,F18,5,18,7.0,J1,85
140,4,10,2,1,B17,1,17,7.0,J1,92
164,4,11,2,1,C17,2,17,7.0,J1,93
188,4,12,2,1,D17,3,17,7.0,J1,90
212,4,13,2,1,E17,4,17,7.0,J1,91
236,4,14,2,1,F17,5,17,7.0,J1,88
252,4,15,2,1,E16,4,16,7.0,J1,94
398,4,16,4,1,B19,1,19,6.0,J1,82
422,4,17,4,1,C19,2,19,6.0,J1,83
446,4,18,4,1,D19,3,19,6.0,J1,80
470,4,19,4,1,E19,4,19,6.0,J1,81
494,4,20,4,1,F19,5,19,6.0,J1,78
397,4,21,4,1,B18,1,18,6.0,J1,89
421,4,22,4,1,C18,2,18,6.0,J1,86
445,4,23,4,1,D18,3,18,6.0,J1,87
469,4,24,4,1,E18,4,18,6.0,J1,84
396,4,25,4,1,B17,1,17,6.0,J1,92
420,4,26,4,1,C17,2,17,6.0,J1,93
444,4,27,4,1,D17,3,17,6.0,J1,90
468,4,28,4,1,E17,4,17,6.0,J1,91
492,4,29,4,1,F17,5,17,6.0,J1,88
508,4,30,4,1,E16,4,16,6.0,J1,94
493,4,31,4,1,F18,5,18,6.0,J1,85
654,4,32,6,1,B19,1,19,5.0,J1,82
678,4,33,6,1,C19,2,19,5.0,J1,83
702,4,34,6,1,D19,3,19,5.0,J1,80
726,4,35,6,1,E19,4,19,5.0,J1,81
653,4,36,6,1,B18,1,18,5.0,J1,89
677,4,37,6,1,C18,2,18,5.0,J1,86
652,4,38,6,1,B17,1,17,5.0,J1,92
676,4,39,6,1,C17,2,17,5.0,J1,93
700,4,40,6,1,D17,3,17,5.0,J1,90
724,4,41,6,1,E17,4,17,5.0,J1,91
748,4,42,6,1,F17,5,17,5.0,J1,88
764,4,43,6,1,E16,4,16,5.0,J1,94
701,4,44,6,1,D18,3,18,5.0,J1,87
725,4,45,6,1,E18,4,18,5.0,J1,84
749,4,46,6,1,F18,5,18,5.0,J1,85
750,4,47,6,1,F19,5,19,5.0,J1,78
910,4,48,8,1,B19,1,19,4.0,J1,82
909,4,49,8,1,B18,1,18,4.0,J1,89
933,4,50,8,1,C18,2,18,4.0,J1,86
908,4,51,8,1,B17,1,17,4.0,J1,92
932,4,52,8,1,C17,2,17,4.0,J1,93
956,4,53,8,1,D17,3,17,4.0,J1,90
980,4,54,8,1,E17,4,17,4.0,J1,91
1004,4,55,8,1,F17,5,17,4.0,J1,88
1020,4,56,8,1,E16,4,16,4.0,J1,94
957,4,57,8,1,D18,3,18,4.0,J1,87
981,4,58,8,1,E18,4,18,4.0,J1,84
1005,4,59,8,1,F18,5,18,4.0,J1,85
934,4,60,8,1,C19,2,19,4.0,J1,83
958,4,61,8,1,D19,3,19,4.0,J1,80
982,4,62,8,1,E19,4,19,4.0,J1,81
1006,4,63,8,1,F19,5,19,4.0,J1,78
1164,4,64,10,1,B17,1,17,3.0,J1,92
1188,4,65,10,1,C17,2,17,3.0,J1,93
1212,4,66,10,1,D17,3,17,3.0,J1,90
1236,4,67,10,1,E17,4,17,3.0,J1,91
1260,4,68,10,1,F17,5,17,3.0,J1,88
1276,4,69,10,1,E16,4,16,3.0,J1,94
1165,4,70,10,1,B18,1,18,3.0,J1,89
1189,4,71,10,1,C18,2,18,3.0,J1,86
1213,4,72,10,1,D18,3,18,3.0,J1,87
1237,4,73,10,1,E18,4,18,3.0,J1,84
1261,4,74,10,1,F18,5,18,3.0,J1,85
1166,4,75,10,1,B19,1,19,3.0,J1,82
1190,4,76,10,1,C19,2,19,3.0,J1,83
1214,4,77,10,1,D19,3,19,3.0,J1,80
1238,4,78,10,1,E19,4,19,3.0,J1,81
1262,4,79,10,1,F19,5,19,3.0,J1,78
1420,4,80,12,1,B17,1,17,2.0,J1,92
1444,4,81,12,1,C17,2,17,2.0,J1,93
1468,4,82,12,1,D17,3,17,2.0,J1,90
1492,4,83,12,1,E17,4,17,2.0,J1,91
1516,4,84,12,1,F17,5,17,2.0,J1,88
1532,4,85,12,1,E16,4,16,2.0,J1,94
1421,4,86,12,1,B18,1,18,2.0,J1,89
1445,4,87,12,1,C18,2,18,2.0,J1,86
1469,4,88,12,1,D18,3,18,2.0,J1,87
1493,4,89,12,1,E18,4,18,2.0,J1,84
1517,4,90,12,1,F18,5,18,2.0,J1,85
1422,4,91,12,1,B19,1,19,2.0,J1,82
1446,4,92,12,1,C19,2,19,2.0,J1,83
1470,4,93,12,1,D19,3,19,2.0,J1,80
1494,4,94,12,1,E19,4,19,2.0,J1,81
1518,4,95,12,1,F19,5,19,2.0,J1,78
1676,4,96,14,1,B17,1,17,1.0,J1,92
1700,4,97,14,1,C17,2,17,1.0,J1,93
1724,4,98,14,1,D17,3,17,1.0,J1,90
1748,4,99,14,1,E17,4,17,1.0,J1,91
1772,4,100,14,1,F17,5,17,1.0,J1,88
1788,4,101,14,1,E16,4,16,1.0,J1,94
1677,4,102,14,1,B18,1,18,1.0,J1,89
1701,4,103,14,1,C18,2,18,1.0,J1,86
1725,4,104,14,1,D18,3,18,1.0,J1,87
1749,4,105,14,1,E18,4,18,1.0,J1,84
1773,4,106,14,1,F18,5,18,1.0,J1,85
1678,4,107,14,1,B19,1,19,1.0,J1,82
1702,4,108,14,1,C19,2,19,1.0,J1,83
1726,4,109,14,1,D19,3,19,1.0,J1,80
1750,4,110,14,1,E19,4,19,1.0,J1,81
1774,4,111,14,1,F19,5,19,1.0,J1,78
1932,4,112,16,1,B17,1,17,0.0,J1,92
1956,4,113,16,1,C17,2,17,0.0,J1,93
1980,4,114,16,1,D17,3,17,0.0,J1,90
2004,4,115,16,1,E17,4,17,0.0,J1,91
2028,4,116,16,1,F17,5,17,0.0,J1,88
2044,4,117,16,1,E16,4,16,0.0,J1,94
1933,4,118,16,1,B18,1,18,0.0,J1,89
1957,4,119,16,1,C18,2,18,0.0,J1,86
1981,4,120,16,1,D18,3,18,0.0,J1,87
2005,4,121,16,1,E18,4,18,0.0,J1,84
2029,4,122,16,1,F18,5,18,0.0,J1,85
1934,4,123,16,1,B19,1,19,0.0,J1,82
1958,4,124,16,1,C19,2,19,0.0,J1,83
1982,4,125,16,1,D19,3,19,0.0,J1,80
2006,4,126,16,1,E19,4,19,0.0,J1,81
2030,4,127,16,1,F19,5,19,0.0,J1,78
143,5,0,2,1,B20,1,20,7.0,J1,79
167,5,1,2,1,C20,2,20,7.0,J1,76
191,5,2,2,1,D20,3,20,7.0,J1,77
215,5,3,2,1,E20,4,20,7.0,J1,74
239,5,4,2,1,F20,5,20,7.0,J1,75
253,5,5,2,1,F16,5,16,7.0,J1,95
144,5,6,2,1,B21,1,21,7.0,J1,72
168,5,7,2,1,C21,2,21,7.0,J1,73
192,5,8,2,1,D21,3,21,7.0,J1,70
216,5,9,2,1,E21,4,21,7.0,J1,71
240,5,10,2,1,F21,5,21,7.0,J1,68
145,5,11,2,1,B22,1,22,7.0,J1,69
169,5,12,2,1,C22,2,22,7.0,J1,66
193,5,13,2,1,D22,3,22,7.0,J1,67
217,5,14,2,1,E22,4,22,7.0,J1,64
241,5,15,2,1,F22,5,22,7.0,J1,65
399,5,16,4,1,B20,1,20,6.0,J1,79
423,5,17,4,1,C20,2,20,6.0,J1,76
447,5,18,4,1,D20,3,20,6.0,J1,77
471,5,19,4,1,E20,4,20,6.0,J1,74
495,5,20,4,1,F20,5,20,6.0,J1,75
509,5,21,4,1,F16,5,16,6.0,J1,95
400,5,22,4,1,B21,1,21,6.0,J1,72
424,5,23,4,1,C21,2,21,6.0,J1,73
448,5,24,4,1,D21,3,21,6.0,J1,70
472,5,25,4,1,E21,4,21,6.0,J1,71
401,5,26,4,1,B22,1,22,6.0,J1,69
425,5,27,4,1,C22,2,22,6.0,J1,66
449,5,28,4,1,D22,3,22,6.0,J1,67
473,5,29,4,1,E22,4,22,6.0,J1,64
497,5,30,4,1,F22,5,22,6.0,J1,65
496,5,31,4,1,F21,5,21,6.0,J1,68
655,5,32,6,1,B20,1,20,5.0,J1,79
679,5,33,6,1,C20,2,20,5.0,J1,76
703,5,34,6,1,D20,3,20,5.0,J1,77
727,5,35,6,1,E20,4,20,5.0,J1,74
656,5,36,6,1,B21,1,21,5.0,J1,72
680,5,37,6,1,C21,2,21,5.0,J1,73
704,5,38,6,1,D21,3,21,5.0,J1,70
657,5,39,6,1,B22,1,22,5.0,J1,69
681,5,40,6,1,C22,2,22,5.0,J1,66
705,5,41,6,1,D22,3,22,5.0,J1,67
729,5,42,6,1,E22,4,22,5.0,J1,64
753,5,43,6,1,F22,5,22,5.0,J1,65
728,5,44,6,1,E21,4,21,5.0,J1,71
752,5,45,6,1,F21,5,21,5.0,J1,68
751,5,46,6,1,F20,5,20,5.0,J1,75
765,5,47,6,1,F16,5,16,5.0,J1,95
911,5,48,8,1,B20,1,20,4.0,J1,79
912,5,49,8,1,B21,1,21,4.0,J1,72
936,5,50,8,1,C21,2,21,4.0,J1,73
960,5,51,8,1,D21,3,21,4.0,J1,70
913,5,52,8,1,B22,1,22,4.0,J1,69
937,5,53,8,1,C22,2,22,4.0,J1,66
961,5,54,8,1,D22,3,22,4.0,J1,67
985,5,55,8,1,E22,4,22,4.0,J1,64
1009,5,56,8,1,F22,5,22,4.0,J1,65
984,5,57,8,1,E21,4,21,4.0,J1,71
1008,5,58,8,1,F21,5,21,4.0,J1,68
935,5,59,8,1,C20,2,20,4.0,J1,76
959,5,60,8,1,D20,3,20,4.0,J1,77
983,5,61,8,1,E20,4,20,4.0,J1,74
1007,5,62,8,1,F20,5,20,4.0,J1,75
1021,5,63,8,1,F16,5,16,4.0,J1,95
1168,5,64,10,1,B21,1,21,3.0,J1,72
1169,5,65,10,1,B22,1,22,3.0,J1,69
1193,5,66,10,1,C22,2,22,3.0,J1,66
1217,5,67,10,1,D22,3,22,3.0,J1,67
1241,5,68,10,1,E22,4,22,3.0,J1,64
1265,5,69,10,1,F22,5,22,3.0,J1,65
1192,5,70,10,1,C21,2,21,3.0,J1,73
1216,5,71,10,1,D21,3,21,3.0,J1,70
1240,5,72,10,1,E21,4,21,3.0,J1,71
1264,5,73,10,1,F21,5,21,3.0,J1,68
1167,5,74,10,1,B20,1,20,3.0,J1,79
1191,5,75,10,1,C20,2,20,3.0,J1,76
1215,5,76,10,1,D20,3,20,3.0,J1,77
1239,5,77,10,1,E20,4,20,3.0,J1,74
1263,5,78,10,1,F20,5,20,3.0,J1,75
1277,5,79,10,1,F16,5,16,3.0,J1,95
1425,5,80,12,1,B22,1,22,2.0,J1,69
1449,5,81,12,1,C22,2,22,2.0,J1,66
1473,5,82,12,1,D22,3,22,2.0,J1,67
1497,5,83,12,1,E22,4,22,2.0,J1,64
1521,5,84,12,1,F22,5,22,2.0,J1,65
1424,5,85,12,1,B21,1,21,2.0,J1,72
1448,5,86,12,1,C21,2,21,2.0,J1,73
1472,5,87,12,1,D21,3,21,2.0,J1,70
1496,5,88,12,1,E21,4,21,2.0,J1,71
1520,5,89,12,1,F21,5,21,2.0,J1,68
1423,5,90,12,1,B20,1,20,2.0,J1,79
1447,5,91,12,1,C20,2,20,2.0,J1,76
1471,5,92,12,1,D20,3,20,2.0,J1,77
1495,5,93,12,1,E20,4,20,2.0,J1,74
1519,5,94,12,1,F20,5,20,2.0,J1,75
1533,5,95,12,1,F16,5,16,2.0,J1,95
1681,5,96,14,1,B22,1,22,1.0,J1,69
1705,5,97,14,1,C22,2,22,1.0,J1,66
1729,5,98,14,1,D22,3,22,1.0,J1,67
1753,5,99,14,1,E22,4,22,1.0,J1,64
1777,5,100,14,1,F22,5,22,1.0,J1,65
1680,5,101,14,1,B21,1,21,1.0,J1,72
1704,5,102,14,1,C21,2,21,1.0,J1,73
1728,5,103,14,1,D21,3,21,1.0,J1,70
1752,5,104,14,1,E21,4,21,1.0,J1,71
1776,5,105,14,1,F21,5,21,1.0,J1,68
1679,5,106,14,1,B20,1,20,1.0,J1,79
1703,5,107,14,1,C20,2,20,1.0,J1,76
1727,5,108,14,1,D20,3,20,1.0,J1,77
1751,5,109,14,1,E20,4,20,1.0,J1,74
1775,5,110,14,1,F20,5,20,1.0,J1,75
1789,5,111,14,1,F16,5,16,1.0,J1,95
1937,5,112,16,1,B22,1,22,0.0,J1,69
1961,5,113,16,1,C22,2,22,0.0,J1,66
1985,5,114,16,1,D22,3,22,0.0,J1,67
2009,5,115,16,1,E22,4,22,0.0,J1,64
2033,5,116,16,1,F22,5,22,0.0,J1,65
1936,5,117,16,1,B21,1,21,0.0,J1,72
1960,5,118,16,1,C21,2,21,0.0,J1,73
1984,5,119,16,1,D21,3,21,0.0,J1,70
2008,5,120,16,1,E21,4,21,0.0,J1,71
2032,5,121,16,1,F21,5,21,0.0,J1,68
1935,5,122,16,1,B20,1,20,0.0,J1,79
1959,5,123,16,1,C20,2,20,0.0,J1,76
1983,5,124,16,1,D20,3,20,0.0,J1,77
2007,5,125,16,1,E20,4,20,0.0,J1,74
2031,5,126,16,1,F20,5,20,0.0,J1,75
2045,5,127,16,1,F16,5,16,0.0,J1,95
149,6,0,2,1,B27,1,27,7.0,J1,111
173,6,1,2,1,C27,2,27,7.0,J1,108
197,6,2,2,1,D27,3,27,7.0,J1,109
246,6,3,2,1,F28,5,28,7.0,J1,100
219,6,4,2,1,E25,4,25,7.0,J1,116
150,6,5,2,1,B28,1,28,7.0,J1,104
174,6,6,2,1,C28,2,28,7.0,J1,105
198,6,7,2,1,D28,3,28,7.0,J1,102
223,6,8,2,1,E29,4,29,7.0,J1,96
218,6,9,2,1,E24,4,24,7.0,J1,123
151,6,10,2,1,B29,1,29,7.0,J1,101
175,6,11,2,1,C29,2,29,7.0,J1,98
199,6,12,2,1,D29,3,29,7.0,J1,99
247,6,13,2,1,F29,5,29,7.0,J1,97
255,6,14,2,1,F23,5,23,7.0,J1,127
254,6,15,2,1,E23,4,23,7.0,J1,126
405,6,16,4,1,B27,1,27,6.0,J1,111
429,6,17,4,1,C27,2,27,6.0,J1,108
453,6,18,4,1,D27,3,27,6.0,J1,109
502,6,19,4,1,F28,5,28,6.0,J1,100
475,6,20,4,1,E25,4,25,6.0,J1,116
406,6,21,4,1,B28,1,28,6.0,J1,104
430,6,22,4,1,C28,2,28,6.0,J1,105
454,6,23,4,1,D28,3,28,6.0,J1,102
479,6,24,4,1,E29,4,29,6.0,J1,96
407,6,25,4,1,B29,1,29,6.0,J1,101
431,6,26,4,1,C29,2,29,6.0,J1,98
455,6,27,4,1,D29,3,29,6.0,J1,99
503,6,28,4,1,F29,5,29,6.0,J1,97
511,6,29,4,1,F23,5,23,6.0,J1,127
510,6,30,4,1,E23,4,23,6.0,J1,126
474,6,31,4,1,E24,4,24,6.0,J1,123
661,6,32,6,1,B27,1,27,5.0,J1,111
685,6,33,6,1,C27,2,27,5.0,J1,108
709,6,34,6,1,D27,3,27,5.0,J1,109
758,6,35,6,1,F28,5,28,5.0,J1,100
662,6,36,6,1,B28,1,28,5.0,J1,104
686,6,37,6,1,C28,2,28,5.0,J1,105
663,6,38,6,1,B29,1,29,5.0,J1,101
687,6,39,6,1,C29,2,29,5.0,J1,98
711,6,40,6,1,D29,3,29,5.0,J1,99
759,6,41,6,1,F29,5,29,5.0,J1,97
767,6,42,6,1,F23,5,23,5.0,J1,127
766,6,43,6,1,E23,4,23,5.0,J1,126
710,6,44,6,1,D28,3,28,5.0,J1,102
735,6,45,6,1,E29,4,29,5.0,J1,96
730,6,46,6,1,E24,4,24,5.0,J1,123
731,6,47,6,1,E25,4,25,5.0,J1,116
917,6,48,8,1,B27,1,27,4.0,J1,111
918,6,49,8,1,B28,1,28,4.0,J1,104
942,6,50,8,1,C28,2,28,4.0,J1,105
919,6,51,8,1,B29,1,29,4.0,J1,101
943,6,52,8,1,C29,2,29,4.0,J1,98
967,6,53,8,1,D29,3,29,4.0,J1,99
1015,6,54,8,1,F29,5,29,4.0,J1,97
1023,6,55,8,1,F23,5,23,4.0,J1,127
1022,6,56,8,1,E23,4,23,4.0,J1,126
966,6,57,8,1,D28,3,28,4.0,J1,102
991,6,58,8,1,E29,4,29,4.0,J1,96
986,6,59,8,1,E24,4,24,4.0,J1,123
941,6,60,8,1,C27,2,27,4.0,J1,108
965,6,61,8,1,D27,3,27,4.0,J1,109
1014,6,62,8,1,F28,5,28,4.0,J1,100
987,6,63,8,1,E25,4,25,4.0,J1,116
1175,6,64,10,1,B29,1,29,3.0,J1,101
1199,6,65,10,1,C29,2,29,3.0,J1,98
1223,6,66,10,1,D29,3,29,3.0,J1,99
1271,6,67,10,1,F29,5,29,3.0,J1,97
1279,6,68,10,1,F23,5,23,3.0,J1,127
1278,6,69,10,1,E23,4,23,3.0,J1,126
1174,6,70,10,1,B28,1,28,3.0,J1,104
1198,6,71,10,1,C28,2,28,3.0,J1,105
1222,6,72,10,1,D28,3,28,3.0,J1,102
1247,6,73,10,1,E29,4,29,3.0,J1,96
1242,6,74,10,1,E24,4,24,3.0,J1,123
1173,6,75,10,1,B27,1,27,3.0,J1,111
1197,6,76,10,1,C27,2,27,3.0,J1,108
1221,6,77,10,1,D27,3,27,3.0,J1,109
1270,6,78,10,1,F28,5,28,3.0,J1,100
1243,6,79,10,1,E25,4,25,3.0,J1,116
1431,6,80,12,1,B29,1,29,2.0,J1,101
1455,6,81,12,1,C29,2,29,2.0,J1,98
1479,6,82,12,1,D29,3,29,2.0,J1,99
1527,6,83,12,1,F29,5,29,2.0,J1,97
1535,6,84,12,1,F23,5,23,2.0,J1,127
1534,6,85,12,1,E23,4,23,2.0,J1,126
1430,6,86,12,1,B28,1,28,2.0,J1,104
1454,6,87,12,1,C28,2,28,2.0,J1,105
1478,6,88,12,1,D28,3,28,2.0,J1,102
1503,6,89,12,1,E29,4,29,2.0,J1,96
1498,6,90,12,1,E24,4,24,2.0,J1,123
1429,6,91,12,1,B27,1,27,2.0,J1,111
1453,6,92,12,1,C27,2,27,2.0,J1,108
1477,6,93,12,1,D27,3,27,2.0,J1,109
1526,6,94,12,1,F28,5,28,2.0,J1,100
1499,6,95,12,1,E25,4,25,2.0,J1,116
1687,6,96,14,1,B29,1,29,1.0,J1,101
1711,6,97,14,1,C29,2,29,1.0,J1,98
1735,6,98,14,1,D29,3,29,1.0,J1,99
1783,6,99,14,1,F29,5,29,1.0,J1,97
1791,6,100,14,1,F23,5,23,1.0,J1,127
1790,6,101,14,1,E23,4,23,1.0,J1,126
1686,6,102,14,1,B28,1,28,1.0,J1,104
1710,6,103,14,1,C28,2,28,1.0,J1,105
1734,6,104,14,1,D28,3,28,1.0,J1,102
1759,6,105,14,1,E29,4,29,1.0,J1,96
1754,6,106,14,1,E24,4,24,1.0,J1,123
1685,6,107,14,1,B27,1,27,1.0,J1,111
1709,6,108,14,1,C27,2,27,1.0,J1,108
1733,6,109,14,1,D27,3,27,1.0,J1,109
1782,6,110,14,1,F28,5,28,1.0,J1,100
1755,6,111,14,1,E25,4,25,1.0,J1,116
1943,6,112,16,1,B29,1,29,0.0,J1,101
1967,6,113,16,1,C29,2,29,0.0,J1,98
1991,6,114,16,1,D29,3,29,0.0,J1,99
2039,6,115,16,1,F29,5,29,0.0,J1,97
2047,6,116,16,1,F23,5,23,0.0,J1,127
2046,6,117,16,1,E23,4,23,0.0,J1,126
1942,6,118,16,1,B28,1,28,0.0,J1,104
1966,6,119,16,1,C28,2,28,0.0,J1,105
1990,6,120,16,1,D28,3,28,0.0,J1,102
2015,6,121,16,1,E29,4,29,0.0,J1,96
2010,6,122,16,1,E24,4,24,0.0,J1,123
1941,6,123,16,1,B27,1,27,0.0,J1,111
1965,6,124,16,1,C27,2,27,0.0,J1,108
1989,6,125,16,1,D27,3,27,0.0,J1,109
2038,6,126,16,1,F28,5,28,0.0,J1,100
2011,6,127,16,1,E25,4,25,0.0,J1,116
146,7,0,2,1,B24,1,24,7.0,J1,124
170,7,1,2,1,C24,2,24,7.0,J1,125
194,7,2,2,1,D24,3,24,7.0,J1,122
221,7,3,2,1,E27,4,27,7.0,J1,106
244,7,4,2,1,F26,5,26,7.0,J1,110
242,7,5,2,1,F24,5,24,7.0,J1,120
147,7,6,2,1,B25,1,25,7.0,J1,121
171,7,7,2,1,C25,2,25,7.0,J1,118
195,7,8,2,1,D25,3,25,7.0,J1,119
245,7,9,2,1,F27,5,27,7.0,J1,107
220,7,10,2,1,E26,4,26,7.0,J1,113
148,7,11,2,1,B26,1,26,7.0,J1,114
172,7,12,2,1,C26,2,26,7.0,J1,115
196,7,13,2,1,D26,3,26,7.0,J1,112
222,7,14,2,1,E28,4,28,7.0,J1,103
243,7,15,2,1,F25,5,25,7.0,J1,117
402,7,16,4,1,B24,1,24,6.0,J1,124
426,7,17,4,1,C24,2,24,6.0,J1,125
450,7,18,4,1,D24,3,24,6.0,J1,122
477,7,19,4,1,E27,4,27,6.0,J1,106
500,7,20,4,1,F26,5,26,6.0,J1,110
498,7,21,4,1,F24,5,24,6.0,J1,120
403,7,22,4,1,B25,1,25,6.0,J1,121
427,7,23,4,1,C25,2,25,6.0,J1,118
451,7,24,4,1,D25,3,25,6.0,J1,119
501,7,25,4,1,F27,5,27,6.0,J1,107
404,7,26,4,1,B26,1,26,6.0,J1,114
428,7,27,4,1,C26,2,26,6.0,J1,115
452,7,28,4,1,D26,3,26,6.0,J1,112
478,7,29,4,1,E28,4,28,6.0,J1,103
499,7,30,4,1,F25,5,25,6.0,J1,117
476,7,31,4,1,E26,4,26,6.0,J1,113
658,7,32,6,1,B24,1,24,5.0,J1,124
682,7,33,6,1,C24,2,24,5.0,J1,125
706,7,34,6,1,D24,3,24,5.0,J1,122
733,7,35,6,1,E27,4,27,5.0,J1,106
659,7,36,6,1,B25,1,25,5.0,J1,121
683,7,37,6,1,C25,2,25,5.0,J1,118
707,7,38,6,1,D25,3,25,5.0,J1,119
660,7,39,6,1,B26,1,26,5.0,J1,114
684,7,40,6,1,C26,2,26,5.0,J1,115
708,7,41,6,1,D26,3,26,5.0,J1,112
734,7,42,6,1,E28,4,28,5.0,J1,103
755,7,43,6,1,F25,5,25,5.0,J1,117
757,7,44,6,1,F27,5,27,5.0,J1,107
732,7,45,6,1,E26,4,26,5.0,J1,113
756,7,46,6,1,F26,5,26,5.0,J1,110
754,7,47,6,1,F24,5,24,5.0,J1,120
914,7,48,8,1,B24,1,24,4.0,J1,124
915,7,49,8,1,B25,1,25,4.0,J1,121
939,7,50,8,1,C25,2,25,4.0,J1,118
963,7,51,8,1,D25,3,25,4.0,J1,119
916,7,52,8,1,B26,1,26,4.0,J1,114
940,7,53,8,1,C26,2,26,4.0,J1,115
964,7,54,8,1,D26,3,26,4.0,J1,112
990,7,55,8,1,E28,4,28,4.0,J1,103
1011,7,56,8,1,F25,5,25,4.0,J1,117
1013,7,57,8,1,F27,5,27,4.0,J1,107
988,7,58,8,1,E26,4,26,4.0,J1,113
938,7,59,8,1,C24,2,24,4.0,J1,125
962,7,60,8,1,D24,3,24,4.0,J1,122
989,7,61,8,1,E27,4,27,4.0,J1,106
1012,7,62,8,1,F26,5,26,4.0,J1,110
1010,7,63,8,1,F24,5,24,4.0,J1,120
1171,7,64,10,1,B25,1,25,3.0,J1,121
1172,7,65,10,1,B26,1,26,3.0,J1,114
1196,7,66,10,1,C26,2,26,3.0,J1,115
1220,7,67,10,1,D26,3,26,3.0,J1,112
1246,7,68,10,1,E28,4,28,3.0,J1,103
1267,7,69,10,1,F25,5,25,3.0,J1,117
1195,7,70,10,1,C25,2,25,3.0,J1,118
1219,7,71,10,1,D25,3,25,3.0,J1,119
1269,7,72,10,1,F27,5,27,3.0,J1,107
1244,7,73,10,1,E26,4,26,3.0,J1,113
1170,7,74,10,1,B24,1,24,3.0,J1,124
1194,7,75,10,1,C24,2,24,3.0,J1,125
1218,7,76,10,1,D24,3,24,3.0,J1,122
1245,7,77,10,1,E27,4,27,3.0,J1,106
1268,7,78,10,1,F26,5,26,3.0,J1,110
1266,7,79,10,1,F24,5,24,3.0,J1,120
1428,7,80,12,1,B26,1,26,2.0,J1,114
1452,7,81,12,1,C26,2,26,2.0,J1,115
1476,7,82,12,1,D26,3,26,2.0,J1,112
1502,7,83,12,1,E28,4,28,2.0,J1,103
1523,7,84,12,1,F25,5,25,2.0,J1,117
1427,7,85,12,1,B25,1,25,2.0,J1,121
1451,7,86,12,1,C25,2,25,2.0,J1,118
1475,7,87,12,1,D25,3,25,2.0,J1,119
1525,7,88,12,1,F27,5,27,2.0,J1,107
1500,7,89,12,1,E26,4,26,2.0,J1,113
1426,7,90,12,1,B24,1,24,2.0,J1,124
1450,7,91,12,1,C24,2,24,2.0,J1,125
1474,7,92,12,1,D24,3,24,2.0,J1,122
1501,7,93,12,1,E27,4,27,2.0,J1,106
1524,7,94,12,1,F26,5,26,2.0,J1,110
1522,7,95,12,1,F24,5,24,2.0,J1,120
1684,7,96,14,1,B26,1,26,1.0,J1,114
1708,7,97,14,1,C26,2,26,1.0,J1,115
1732,7,98,14,1,D26,3,26,1.0,J1,112
1758,7,99,14,1,E28,4,28,1.0,J1,103
1779,7,100,14,1,F25,5,25,1.0,J1,117
1683,7,101,14,1,B25,1,25,1.0,J1,121
1707,7,102,14,1,C25,2,25,1.0,J1,118
1731,7,103,14,1,D25,3,25,1.0,J1,119
1781,7,104,14,1,F27,5,27,1.0,J1,107
1756,7,105,14,1,E26,4,26,1.0,J1,113
1682,7,106,14,1,B24,1,24,1.0,J1,124
1706,7,107,14,1,C24,2,24,1.0,J1,125
1730,7,108,14,1,D24,3,24,1.0,J1,122
1757,7,109,14,1,E27,4,27,1.0,J1,106
1780,7,110,14,1,F26,5,26,1.0,J1,110
1778,7,111,14,1,F24,5,24,1.0,J1,120
1940,7,112,16,1,B26,1,26,0.0,J1,114
1964,7,113,16,1,C26,2,26,0.0,J1,115
1988,7,114,16,1,D26,3,26,0.0,J1,112
2014,7,115,16,1,E28,4,28,0.0,J1,103
2035,7,116,16,1,F25,5,25,0.0,J1,117
1939,7,117,16,1,B25,1,25,0.0,J1,121
1963,7,118,16,1,C25,2,25,0.0,J1,118
1987,7,119,16,1,D25,3,25,0.0,J1,119
2037,7,120,16,1,F27,5,27,0.0,J1,107
2012,7,121,16,1,E26,4,26,0.0,J1,113
1938,7,122,16,1,B24,1,24,0.0,J1,124
1962,7,123,16,1,C24,2,24,0.0,J1,125
1986,7,124,16,1,D24,3,24,0.0,J1,122
2013,7,125,16,1,E27,4,27,0.0,J1,106
2036,7,126,16,1,F26,5,26,0.0,J1,110
2034,7,127,16,1,F24,5,24,0.0,J1,120
5,8,0,1,1,B8,1,8,7.0,J2,133
53,8,1,1,1,D8,3,8,7.0,J2,131
101,8,2,1,1,F8,5,8,7.0,J2,129
52,8,3,1,1,D7,3,7,7.0,J2,134
76,8,4,1,1,E7,4,7,7.0,J2,135
3,8,5,1,1,B6,1,6,7.0,J2,143
75,8,6,1,1,E6,4,6,7.0,J2,138
99,8,7,1,1,F6,5,6,7.0,J2,139
2,8,8,1,1,B5,1,5,7.0,J2,146
50,8,9,1,1,D5,3,5,7.0,J2,144
98,8,10,1,1,F5,5,5,7.0,J2,142
120,8,11,1,1,E2,4,2,7.0,J2,158
1,8,12,1,1,B4,1,4,7.0,J2,153
25,8,13,1,1,C4,2,4,7.0,J2,150
49,8,14,1,1,D4,3,4,7.0,J2,151
73,8,15,1,1,E4,4,4,7.0,J2,148
261,8,16,3,1,B8,1,8,6.0,J2,133
309,8,17,3,1,D8,3,8,6.0,J2,131
357,8,18,3,1,F8,5,8,6.0,J2,129
308,8,19,3,1,D7,3,7,6.0,J2,134
332,8,20,3,1,E7,4,7,6.0,J2,135
283,8,21,3,1,C6,2,6,6.0,J2,140
331,8,22,3,1,E6,4,6,6.0,J2,138
355,8,23,3,1,F6,5,6,6.0,J2,139
282,8,24,3,1,C5,2,5,6.0,J2,147
257,8,25,3,1,B4,1,4,6.0,J2,153
281,8,26,3,1,C4,2,4,6.0,J2,150
305,8,27,3,1,D4,3,4,6.0,J2,151
329,8,28,3,1,E4,4,4,6.0,J2,148
353,8,29,3,1,F4,5,4,6.0,J2,149
330,8,30,3,1,E5,4,5,6.0,J2,145
354,8,31,3,1,F5,5,5,6.0,J2,142
541,8,32,5,1,C8,2,8,5.0,J2,130
589,8,33,5,1,E8,4,8,5.0,J2,128
613,8,34,5,1,F8,5,8,5.0,J2,129
564,8,35,5,1,D7,3,7,5.0,J2,134
515,8,36,5,1,B6,1,6,5.0,J2,143
563,8,37,5,1,D6,3,6,5.0,J2,141
562,8,38,5,1,D5,3,5,5.0,J2,144
513,8,39,5,1,B4,1,4,5.0,J2,153
537,8,40,5,1,C4,2,4,5.0,J2,150
561,8,41,5,1,D4,3,4,5.0,J2,151
585,8,42,5,1,E4,4,4,5.0,J2,148
609,8,43,5,1,F4,5,4,5.0,J2,149
586,8,44,5,1,E5,4,5,5.0,J2,145
610,8,45,5,1,F5,5,5,5.0,J2,142
633,8,46,5,1,F2,5,2,5.0,J2,159
612,8,47,5,1,F7,5,7,5.0,J2,132
796,8,48,7,1,C7,2,7,4.0,J2,137
795,8,49,7,1,C6,2,6,4.0,J2,140
819,8,50,7,1,D6,3,6,4.0,J2,141
818,8,51,7,1,D5,3,5,4.0,J2,144
769,8,52,7,1,B4,1,4,4.0,J2,153
793,8,53,7,1,C4,2,4,4.0,J2,150
817,8,54,7,1,D4,3,4,4.0,J2,151
841,8,55,7,1,E4,4,4,4.0,J2,148
865,8,56,7,1,F4,5,4,4.0,J2,149
842,8,57,7,1,E5,4,5,4.0,J2,145
866,8,58,7,1,F5,5,5,4.0,J2,142
889,8,59,7,1,F2,5,2,4.0,J2,159
844,8,60,7,1,E7,4,7,4.0,J2,135
868,8,61,7,1,F7,5,7,4.0,J2,132
821,8,62,7,1,D8,3,8,4.0,J2,131
869,8,63,7,1,F8,5,8,4.0,J2,129
1050,8,64,9,1,C5,2,5,3.0,J2,147
1025,8,65,9,1,B4,1,4,3.0,J2,153
1049,8,66,9,1,C4,2,4,3.0,J2,150
1073,8,67,9,1,D4,3,4,3.0,J2,151
1097,8,68,9,1,E4,4,4,3.0,J2,148
1121,8,69,9,1,F4,5,4,3.0,J2,149
1074,8,70,9,1,D5,3,5,3.0,J2,144
1122,8,71,9,1,F5,5,5,3.0,J2,142
1027,8,72,9,1,B6,1,6,3.0,J2,143
1099,8,73,9,1,E6,4,6,3.0,J2,138
1123,8,74,9,1,F6,5,6,3.0,J2,139
1052,8,75,9,1,C7,2,7,3.0,J2,137
1076,8,76,9,1,D7,3,7,3.0,J2,134
1124,8,77,9,1,F7,5,7,3.0,J2,132
1053,8,78,9,1,C8,2,8,3.0,J2,130
1125,8,79,9,1,F8,5,8,3.0,J2,129
1329,8,80,11,1,D4,3,4,2.0,J2,151
1353,8,81,11,1,E4,4,4,2.0,J2,148
1377,8,82,11,1,F4,5,4,2.0,J2,149
1280,8,83,11,1,B3,1,3,2.0,J2,156
1304,8,84,11,1,C3,2,3,2.0,J2,157
1305,8,85,11,1,C4,2,4,2.0,J2,150
1330,8,86,11,1,D5,3,5,2.0,J2,144
1354,8,87,11,1,E5,4,5,2.0,J2,145
1307,8,88,11,1,C6,2,6,2.0,J2,140
1331,8,89,11,1,D6,3,6,2.0,J2,141
1379,8,90,11,1,F6,5,6,2.0,J2,139
1284,8,91,11,1,B7,1,7,2.0,J2,136
1332,8,92,11,1,D7,3,7,2.0,J2,134
1380,8,93,11,1,F7,5,7,2.0,J2,132
1333,8,94,11,1,D8,3,8,2.0,J2,131
1381,8,95,11,1,F8,5,8,2.0,J2,129
1536,8,96,13,1,B3,1,3,1.0,J2,156
1584,8,97,13,1,D3,3,3,1.0,J2,154
1632,8,98,13,1,F3,5,3,1.0,J2,152
1537,8,99,13,1,B4,1,4,1.0,J2,153
1609,8,100,13,1,E4,4,4,1.0,J2,148
1633,8,101,13,1,F4,5,4,1.0,J2,149
1586,8,102,13,1,D5,3,5,1.0,J2,144
1610,8,103,13,1,E5,4,5,1.0,J2,145
1563,8,104,13,1,C6,2,6,1.0,J2,140
1611,8,105,13,1,E6,4,6,1.0,J2,138
1635,8,106,13,1,F6,5,6,1.0,J2,139
1540,8,107,13,1,B7,1,7,1.0,J2,136
1588,8,108,13,1,D7,3,7,1.0,J2,134
1636,8,109,13,1,F7,5,7,1.0,J2,132
1589,8,110,13,1,D8,3,8,1.0,J2,131
1613,8,111,13,1,E8,4,8,1.0,J2,128
1816,8,112,15,1,C3,2,3,0.0,J2,157
1864,8,113,15,1,E3,4,3,0.0,J2,155
1912,8,114,15,1,E2,4,2,0.0,J2,158
1793,8,115,15,1,B4,1,4,0.0,J2,153
1841,8,116,15,1,D4,3,4,0.0,J2,151
1889,8,117,15,1,F4,5,4,0.0,J2,149
1818,8,118,15,1,C5,2,5,0.0,J2,147
1890,8,119,15,1,F5,5,5,0.0,J2,142
1819,8,120,15,1,C6,2,6,0.0,J2,140
1867,8,121,15,1,E6,4,6,0.0,J2,138
1891,8,122,15,1,F6,5,6,0.0,J2,139
1796,8,123,15,1,B7,1,7,0.0,J2,136
1844,8,124,15,1,D7,3,7,0.0,J2,134
1892,8,125,15,1,F7,5,7,0.0,J2,132
1821,8,126,15,1,C8,2,8,0.0,J2,130
1869,8,127,15,1,E8,4,8,0.0,J2,128
29,9,0,1,1,C8,2,8,7.0,J2,130
77,9,1,1,1,E8,4,8,7.0,J2,128
4,9,2,1,1,B7,1,7,7.0,J2,136
28,9,3,1,1,C7,2,7,7.0,J2,137
100,9,4,1,1,F7,5,7,7.0,J2,132
27,9,5,1,1,C6,2,6,7.0,J2,140
51,9,6,1,1,D6,3,6,7.0,J2,141
121,9,7,1,1,F2,5,2,7.0,J2,159
26,9,8,1,1,C5,2,5,7.0,J2,147
74,9,9,1,1,E5,4,5,7.0,J2,145
97,9,10,1,1,F4,5,4,7.0,J2,149
96,9,11,1,1,F3,5,3,7.0,J2,152
0,9,12,1,1,B3,1,3,7.0,J2,156
24,9,13,1,1,C3,2,3,7.0,J2,157
48,9,14,1,1,D3,3,3,7.0,J2,154
72,9,15,1,1,E3,4,3,7.0,J2,155
285,9,16,3,1,C8,2,8,6.0,J2,130
333,9,17,3,1,E8,4,8,6.0,J2,128
260,9,18,3,1,B7,1,7,6.0,J2,136
284,9,19,3,1,C7,2,7,6.0,J2,137
356,9,20,3,1,F7,5,7,6.0,J2,132
259,9,21,3,1,B6,1,6,6.0,J2,143
307,9,22,3,1,D6,3,6,6.0,J2,141
258,9,23,3,1,B5,1,5,6.0,J2,146
306,9,24,3,1,D5,3,5,6.0,J2,144
256,9,25,3,1,B3,1,3,6.0,J2,156
280,9,26,3,1,C3,2,3,6.0,J2,157
304,9,27,3,1,D3,3,3,6.0,J2,154
328,9,28,3,1,E3,4,3,6.0,J2,155
352,9,29,3,1,F3,5,3,6.0,J2,152
376,9,30,3,1,E2,4,2,6.0,J2,158
377,9,31,3,1,F2,5,2,6.0,J2,159
517,9,32,5,1,B8,1,8,5.0,J2,133
565,9,33,5,1,D8,3,8,5.0,J2,131
516,9,34,5,1,B7,1,7,5.0,J2,136
540,9,35,5,1,C7,2,7,5.0,J2,137
539,9,36,5,1,C6,2,6,5.0,J2,140
514,9,37,5,1,B5,1,5,5.0,J2,146
538,9,38,5,1,C5,2,5,5.0,J2,147
512,9,39,5,1,B3,1,3,5.0,J2,156
536,9,40,5,1,C3,2,3,5.0,J2,157
560,9,41,5,1,D3,3,3,5.0,J2,154
584,9,42,5,1,E3,4,3,5.0,J2,155
608,9,43,5,1,F3,5,3,5.0,J2,152
632,9,44,5,1,E2,4,2,5.0,J2,158
587,9,45,5,1,E6,4,6,5.0,J2,138
611,9,46,5,1,F6,5,6,5.0,J2,139
588,9,47,5,1,E7,4,7,5.0,J2,135
772,9,48,7,1,B7,1,7,4.0,J2,136
771,9,49,7,1,B6,1,6,4.0,J2,143
770,9,50,7,1,B5,1,5,4.0,J2,146
794,9,51,7,1,C5,2,5,4.0,J2,147
768,9,52,7,1,B3,1,3,4.0,J2,156
792,9,53,7,1,C3,2,3,4.0,J2,157
816,9,54,7,1,D3,3,3,4.0,J2,154
840,9,55,7,1,E3,4,3,4.0,J2,155
864,9,56,7,1,F3,5,3,4.0,J2,152
888,9,57,7,1,E2,4,2,4.0,J2,158
843,9,58,7,1,E6,4,6,4.0,J2,138
867,9,59,7,1,F6,5,6,4.0,J2,139
820,9,60,7,1,D7,3,7,4.0,J2,134
773,9,61,7,1,B8,1,8,4.0,J2,133
797,9,62,7,1,C8,2,8,4.0,J2,130
845,9,63,7,1,E8,4,8,4.0,J2,128
1026,9,64,9,1,B5,1,5,3.0,J2,146
1024,9,65,9,1,B3,1,3,3.0,J2,156
1048,9,66,9,1,C3,2,3,3.0,J2,157
1072,9,67,9,1,D3,3,3,3.0,J2,154
1096,9,68,9,1,E3,4,3,3.0,J2,155
1120,9,69,9,1,F3,5,3,3.0,J2,152
1144,9,70,9,1,E2,4,2,3.0,J2,158
1098,9,71,9,1,E5,4,5,3.0,J2,145
1051,9,72,9,1,C6,2,6,3.0,J2,140
1075,9,73,9,1,D6,3,6,3.0,J2,141
1145,9,74,9,1,F2,5,2,3.0,J2,159
1028,9,75,9,1,B7,1,7,3.0,J2,136
1100,9,76,9,1,E7,4,7,3.0,J2,135
1029,9,77,9,1,B8,1,8,3.0,J2,133
1077,9,78,9,1,D8,3,8,3.0,J2,131
1101,9,79,9,1,E8,4,8,3.0,J2,128
1328,9,80,11,1,D3,3,3,2.0,J2,154
1352,9,81,11,1,E3,4,3,2.0,J2,155
1376,9,82,11,1,F3,5,3,2.0,J2,152
1400,9,83,11,1,E2,4,2,2.0,J2,158
1281,9,84,11,1,B4,1,4,2.0,J2,153
1282,9,85,11,1,B5,1,5,2.0,J2,146
1306,9,86,11,1,C5,2,5,2.0,J2,147
1378,9,87,11,1,F5,5,5,2.0,J2,142
1283,9,88,11,1,B6,1,6,2.0,J2,143
1355,9,89,11,1,E6,4,6,2.0,J2,138
1401,9,90,11,1,F2,5,2,2.0,J2,159
1308,9,91,11,1,C7,2,7,2.0,J2,137
1356,9,92,11,1,E7,4,7,2.0,J2,135
1285,9,93,11,1,B8,1,8,2.0,J2,133
1309,9,94,11,1,C8,2,8,2.0,J2,130
1357,9,95,11,1,E8,4,8,2.0,J2,128
1656,9,96,13,1,E2,4,2,1.0,J2,158
1560,9,97,13,1,C3,2,3,1.0,J2,157
1608,9,98,13,1,E3,4,3,1.0,J2,155
1561,9,99,13,1,C4,2,4,1.0,J2,150
1585,9,100,13,1,D4,3,4,1.0,J2,151
1538,9,101,13,1,B5,1,5,1.0,J2,146
1562,9,102,13,1,C5,2,5,1.0,J2,147
1634,9,103,13,1,F5,5,5,1.0,J2,142
1539,9,104,13,1,B6,1,6,1.0,J2,143
1587,9,105,13,1,D6,3,6,1.0,J2,141
1657,9,106,13,1,F2,5,2,1.0,J2,159
1564,9,107,13,1,C7,2,7,1.0,J2,137
1612,9,108,13,1,E7,4,7,1.0,J2,135
1541,9,109,13,1,B8,1,8,1.0,J2,133
1565,9,110,13,1,C8,2,8,1.0,J2,130
1637,9,111,13,1,F8,5,8,1.0,J2,129
1792,9,112,15,1,B3,1,3,0.0,J2,156
1840,9,113,15,1,D3,3,3,0.0,J2,154
1888,9,114,15,1,F3,5,3,0.0,J2,152
1817,9,115,15,1,C4,2,4,0.0,J2,150
1865,9,116,15,1,E4,4,4,0.0,J2,148
1794,9,117,15,1,B5,1,5,0.0,J2,146
1842,9,118,15,1,D5,3,5,0.0,J2,144
1866,9,119,15,1,E5,4,5,0.0,J2,145
1795,9,120,15,1,B6,1,6,0.0,J2,143
1843,9,121,15,1,D6,3,6,0.0,J2,141
1913,9,122,15,1,F2,5,2,0.0,J2,159
1820,9,123,15,1,C7,2,7,0.0,J2,137
1868,9,124,15,1,E7,4,7,0.0,J2,135
1797,9,125,15,1,B8,1,8,0.0,J2,133
1845,9,126,15,1,D8,3,8,0.0,J2,131
1893,9,127,15,1,F8,5,8,0.0,J2,129
8,10,0,1,1,B12,1,12,7.0,J2,178
32,10,1,1,1,C12,2,12,7.0,J2,179
56,10,2,1,1,D12,3,12,7.0,J2,176
80,10,3,1,1,E12,4,12,7.0,J2,177
104,10,4,1,1,F12,5,12,7.0,J2,174
7,10,5,1,1,B11,1,11,7.0,J2,185
31,10,6,1,1,C11,2,11,7.0,J2,182
55,10,7,1,1,D11,3,11,7.0,J2,183
79,10,8,1,1,E11,4,11,7.0,J2,180
103,10,9,1,1,F11,5,11,7.0,J2,181
6,10,10,1,1,B10,1,10,7.0,J2,188
30,10,11,1,1,C10,2,10,7.0,J2,189
54,10,12,1,1,D10,3,10,7.0,J2,186
78,10,13,1,1,E10,4,10,7.0,J2,187
102,10,14,1,1,F10,5,10,7.0,J2,184
122,10,15,1,1,E9,4,9,7.0,J2,190
264,10,16,3,1,B12,1,12,6.0,J2,178
288,10,17,3,1,C12,2,12,6.0,J2,179
312,10,18,3,1,D12,3,12,6.0,J2,176
336,10,19,3,1,E12,4,12,6.0,J2,177
360,10,20,3,1,F12,5,12,6.0,J2,174
263,10,21,3,1,B11,1,11,6.0,J2,185
287,10,22,3,1,C11,2,11,6.0,J2,182
311,10,23,3,1,D11,3,11,6.0,J2,183
262,10,24,3,1,B10,1,10,6.0,J2,188
286,10,25,3,1,C10,2,10,6.0,J2,189
310,10,26,3,1,D10,3,10,6.0,J2,186
334,10,27,3,1,E10,4,10,6.0,J2,187
358,10,28,3,1,F10,5,10,6.0,J2,184
378,10,29,3,1,E9,4,9,6.0,J2,190
335,10,30,3,1,E11,4,11,6.0,J2,180
359,10,31,3,1,F11,5,11,6.0,J2,181
520,10,32,5,1,B12,1,12,5.0,J2,178
544,10,33,5,1,C12,2,12,5.0,J2,179
568,10,34,5,1,D12,3,12,5.0,J2,176
592,10,35,5,1,E12,4,12,5.0,J2,177
519,10,36,5,1,B11,1,11,5.0,J2,185
543,10,37,5,1,C11,2,11,5.0,J2,182
518,10,38,5,1,B10,1,10,5.0,J2,188
542,10,39,5,1,C10,2,10,5.0,J2,189
566,10,40,5,1,D10,3,10,5.0,J2,186
590,10,41,5,1,E10,4,10,5.0,J2,187
614,10,42,5,1,F10,5,10,5.0,J2,184
634,10,43,5,1,E9,4,9,5.0,J2,190
567,10,44,5,1,D11,3,11,5.0,J2,183
591,10,45,5,1,E11,4,11,5.0,J2,180
615,10,46,5,1,F11,5,11,5.0,J2,181
616,10,47,5,1,F12,5,12,5.0,J2,174
776,10,48,7,1,B12,1,12,4.0,J2,178
775,10,49,7,1,B11,1,11,4.0,J2,185
799,10,50,7,1,C11,2,11,4.0,J2,182
774,10,51,7,1,B10,1,10,4.0,J2,188
798,10,52,7,1,C10,2,10,4.0,J2,189
822,10,53,7,1,D10,3,10,4.0,J2,186
846,10,54,7,1,E10,4,10,4.0,J2,187
870,10,55,7,1,F10,5,10,4.0,J2,184
890,10,56,7,1,E9,4,9,4.0,J2,190
823,10,57,7,1,D11,3,11,4.0,J2,183
847,10,58,7,1,E11,4,11,4.0,J2,180
871,10,59,7,1,F11,5,11,4.0,J2,181
800,10,60,7,1,C12,2,12,4.0,J2,179
824,10,61,7,1,D12,3,12,4.0,J2,176
848,10,62,7,1,E12,4,12,4.0,J2,177
872,10,63,7,1,F12,5,12,4.0,J2,174
1030,10,64,9,1,B10,1,10,3.0,J2,188
1054,10,65,9,1,C10,2,10,3.0,J2,189
1078,10,66,9,1,D10,3,10,3.0,J2,186
1102,10,67,9,1,E10,4,10,3.0,J2,187
1126,10,68,9,1,F10,5,10,3.0,J2,184
1146,10,69,9,1,E9,4,9,3.0,J2,190
1031,10,70,9,1,B11,1,11,3.0,J2,185
1055,10,71,9,1,C11,2,11,3.0,J2,182
1079,10,72,9,1,D11,3,11,3.0,J2,183
1103,10,73,9,1,E11,4,11,3.0,J2,180
1127,10,74,9,1,F11,5,11,3.0,J2,181
1032,10,75,9,1,B12,1,12,3.0,J2,178
1056,10,76,9,1,C12,2,12,3.0,J2,179
1080,10,77,9,1,D12,3,12,3.0,J2,176
1104,10,78,9,1,E12,4,12,3.0,J2,177
1128,10,79,9,1,F12,5,12,3.0,J2,174
1286,10,80,11,1,B10,1,10,2.0,J2,188
1310,10,81,11,1,C10,2,10,2.0,J2,189
1334,10,82,11,1,D10,3,10,2.0,J2,186
1358,10,83,11,1,E10,4,10,2.0,J2,187
1382,10,84,11,1,F10,5,10,2.0,J2,184
1402,10,85,11,1,E9,4,9,2.0,J2,190
1287,10,86,11,1,B11,1,11,2.0,J2,185
1311,10,87,11,1,C11,2,11,2.0,J2,182
1335,10,88,11,1,D11,3,11,2.0,J2,183
1359,10,89,11,1,E11,4,11,2.0,J2,180
1383,10,90,11,1,F11,5,11,2.0,J2,181
1288,10,91,11,1,B12,1,12,2.0,J2,178
1312,10,92,11,1,C12,2,12,2.0,J2,179
1336,10,93,11,1,D12,3,12,2.0,J2,176
1360,10,94,11,1,E12,4,12,2.0,J2,177
1384,10,95,11,1,F12,5,12,2.0,J2,174
1542,10,96,13,1,B10,1,10,1.0,J2,188
1566,10,97,13,1,C10,2,10,1.0,J2,189
1590,10,98,13,1,D10,3,10,1.0,J2,186
1614,10,99,13,1,E10,4,10,1.0,J2,187
1638,10,100,13,1,F10,5,10,1.0,J2,184
1658,10,101,13,1,E9,4,9,1.0,J2,190
1543,10,102,13,1,B11,1,11,1.0,J2,185
1567,10,103,13,1,C11,2,11,1.0,J2,182
1591,10,104,13,1,D11,3,11,1.0,J2,183
1615,10,105,13,1,E11,4,11,1.0,J2,180
1639,10,106,13,1,F11,5,11,1.0,J2,181
1544,10,107,13,1,B12,1,12,1.0,J2,178
1568,10,108,13,1,C12,2,12,1.0,J2,179
1592,10,109,13,1,D12,3,12,1.0,J2,176
1616,10,110,13,1,E12,4,12,1.0,J2,177
1640,10,111,13,1,F12,5,12,1.0,J2,174
1798,10,112,15,1,B10,1,10,0.0,J2,188
1822,10,113,15,1,C10,2,10,0.0,J2,189
1846,10,114,15,1,D10,3,10,0.0,J2,186
1870,10,115,15,1,E10,4,10,0.0,J2,187
1894,10,116,15,1,F10,5,10,0.0,J2,184
1914,10,117,15,1,E9,4,9,0.0,J2,190
1799,10,118,15,1,B11,1,11,0.0,J2,185
1823,10,119,15,1,C11,2,11,0.0,J2,182
1847,10,120,15,1,D11,3,11,0.0,J2,183
1871,10,121,15,1,E11,4,11,0.0,J2,180
1895,10,122,15,1,F11,5,11,0.0,J2,181
1800,10,123,15,1,B12,1,12,0.0,J2,178
1824,10,124,15,1,C12,2,12,0.0,J2,179
1848,10,125,15,1,D12,3,12,0.0,J2,176
1872,10,126,15,1,E12,4,12,0.0,J2,177
1896,10,127,15,1,F12,5,12,0.0,J2,174
9,11,0,1,1,B13,1,13,7.0,J2,175
33,11,1,1,1,C13,2,13,7.0,J2,172
57,11,2,1,1,D13,3,13,7.0,J2,173
81,11,3,1,1,E13,4,13,7.0,J2,170
105,11,4,1,1,F13,5,13,7.0,J2,171
123,11,5,1,1,F9,5,9,7.0,J2,191
10,11,6,1,1,B14,1,14,7.0,J2,168
34,11,7,1,1,C14,2,14,7.0,J2,169
58,11,8,1,1,D14,3,14,7.0,J2,166
82,11,9,1,1,E14,4,14,7.0,J2,167
106,11,10,1,1,F14,5,14,7.0,J2,164
11,11,11,1,1,B15,1,15,7.0,J2,165
35,11,12,1,1,C15,2,15,7.0,J2,162
59,11,13,1,1,D15,3,15,7.0,J2,163
83,11,14,1,1,E15,4,15,7.0,J2,160
107,11,15,1,1,F15,5,15,7.0,J2,161
265,11,16,3,1,B13,1,13,6.0,J2,175
289,11,17,3,1,C13,2,13,6.0,J2,172
313,11,18,3,1,D13,3,13,6.0,J2,173
337,11,19,3,1,E13,4,13,6.0,J2,170
361,11,20,3,1,F13,5,13,6.0,J2,171
379,11,21,3,1,F9,5,9,6.0,J2,191
266,11,22,3,1,B14,1,14,6.0,J2,168
290,11,23,3,1,C14,2,14,6.0,J2,169
314,11,24,3,1,D14,3,14,6.0,J2,166
267,11,25,3,1,B15,1,15,6.0,J2,165
291,11,26,3,1,C15,2,15,6.0,J2,162
315,11,27,3,1,D15,3,15,6.0,J2,163
339,11,28,3,1,E15,4,15,6.0,J2,160
363,11,29,3,1,F15,5,15,6.0,J2,161
338,11,30,3,1,E14,4,14,6.0,J2,167
362,11,31,3,1,F14,5,14,6.0,J2,164
521,11,32,5,1,B13,1,13,5.0,J2,175
545,11,33,5,1,C13,2,13,5.0,J2,172
569,11,34,5,1,D13,3,13,5.0,J2,173
593,11,35,5,1,E13,4,13,5.0,J2,170
522,11,36,5,1,B14,1,14,5.0,J2,168
546,11,37,5,1,C14,2,14,5.0,J2,169
570,11,38,5,1,D14,3,14,5.0,J2,166
523,11,39,5,1,B15,1,15,5.0,J2,165
547,11,40,5,1,C15,2,15,5.0,J2,162
571,11,41,5,1,D15,3,15,5.0,J2,163
595,11,42,5,1,E15,4,15,5.0,J2,160
619,11,43,5,1,F15,5,15,5.0,J2,161
594,11,44,5,1,E14,4,14,5.0,J2,167
618,11,45,5,1,F14,5,14,5.0,J2,164
617,11,46,5,1,F13,5,13,5.0,J2,171
635,11,47,5,1,F9,5,9,5.0,J2,191
777,11,48,7,1,B13,1,13,4.0,J2,175
778,11,49,7,1,B14,1,14,4.0,J2,168
802,11,50,7,1,C14,2,14,4.0,J2,169
826,11,51,7,1,D14,3,14,4.0,J2,166
779,11,52,7,1,B15,1,15,4.0,J2,165
803,11,53,7,1,C15,2,15,4.0,J2,162
827,11,54,7,1,D15,3,15,4.0,J2,163
851,11,55,7,1,E15,4,15,4.0,J2,160
875,11,56,7,1,F15,5,15,4.0,J2,161
850,11,57,7,1,E14,4,14,4.0,J2,167
874,11,58,7,1,F14,5,14,4.0,J2,164
801,11,59,7,1,C13,2,13,4.0,J2,172
825,11,60,7,1,D13,3,13,4.0,J2,173
849,11,61,7,1,E13,4,13,4.0,J2,170
873,11,62,7,1,F13,5,13,4.0,J2,171
891,11,63,7,1,F9,5,9,4.0,J2,191
1034,11,64,9,1,B14,1,14,3.0,J2,168
1035,11,65,9,1,B15,1,15,3.0,J2,165
1059,11,66,9,1,C15,2,15,3.0,J2,162
1083,11,67,9,1,D15,3,15,3.0,J2,163
1107,11,68,9,1,E15,4,15,3.0,J2,160
1131,11,69,9,1,F15,5,15,3.0,J2,161
1058,11,70,9,1,C14,2,14,3.0,J2,169
1082,11,71,9,1,D14,3,14,3.0,J2,166
1106,11,72,9,1,E14,4,14,3.0,J2,167
1130,11,73,9,1,F14,5,14,3.0,J2,164
1033,11,74,9,1,B13,1,13,3.0,J2,175
1057,11,75,9,1,C13,2,13,3.0,J2,172
1081,11,76,9,1,D13,3,13,3.0,J2,173
1105,11,77,9,1,E13,4,13,3.0,J2,170
1129,11,78,9,1,F13,5,13,3.0,J2,171
1147,11,79,9,1,F9,5,9,3.0,J2,191
1291,11,80,11,1,B15,1,15,2.0,J2,165
1315,11,81,11,1,C15,2,15,2.0,J2,162
1339,11,82,11,1,D15,3,15,2.0,J2,163
1363,11,83,11,1,E15,4,15,2.0,J2,160
1387,11,84,11,1,F15,5,15,2.0,J2,161
1290,11,85,11,1,B14,1,14,2.0,J2,168
1314,11,86,11,1,C14,2,14,2.0,J2,169
1338,11,87,11,1,D14,3,14,2.0,J2,166
1362,11,88,11,1,E14,4,14,2.0,J2,167
1386,11,89,11,1,F14,5,14,2.0,J2,164
1289,11,90,11,1,B13,1,13,2.0,J2,175
1313,11,91,11,1,C13,2,13,2.0,J2,172
1337,11,92,11,1,D13,3,13,2.0,J2,173
1361,11,93,11,1,E13,4,13,2.0,J2,170
1385,11,94,11,1,F13,5,13,2.0,J2,171
1403,11,95,11,1,F9,5,9,2.0,J2,191
1547,11,96,13,1,B15,1,15,1.0,J2,165
1571,11,97,13,1,C15,2,15,1.0,J2,162
1595,11,98,13,1,D15,3,15,1.0,J2,163
1619,11,99,13,1,E15,4,15,1.0,J2,160
1643,11,100,13,1,F15,5,15,1.0,J2,161
1546,11,101,13,1,B14,1,14,1.0,J2,168
1570,11,102,13,1,C14,2,14,1.0,J2,169
1594,11,103,13,1,D14,3,14,1.0,J2,166
1618,11,104,13,1,E14,4,14,1.0,J2,167
1642,11,105,13,1,F14,5,14,1.0,J2,164
1545,11,106,13,1,B13,1,13,1.0,J2,175
1569,11,107,13,1,C13,2,13,1.0,J2,172
1593,11,108,13,1,D13,3,13,1.0,J2,173
1617,11,109,13,1,E13,4,13,1.0,J2,170
1641,11,110,13,1,F13,5,13,1.0,J2,171
1659,11,111,13,1,F9,5,9,1.0,J2,191
1803,11,112,15,1,B15,1,15,0.0,J2,165
1827,11,113,15,1,C15,2,15,0.0,J2,162
1851,11,114,15,1,D15,3,15,0.0,J2,163
1875,11,115,15,1,E15,4,15,0.0,J2,160
1899,11,116,15,1,F15,5,15,0.0,J2,161
1802,11,117,15,1,B14,1,14,0.0,J2,168
1826,11,118,15,1,C14,2,14,0.0,J2,169
1850,11,119,15,1,D14,3,14,0.0,J2,166
1874,11,120,15,1,E14,4,14,0.0,J2,167
1898,11,121,15,1,F14,5,14,0.0,J2,164
1801,11,122,15,1,B13,1,13,0.0,J2,175
1825,11,123,15,1,C13,2,13,0.0,J2,172
1849,11,124,15,1,D13,3,13,0.0,J2,173
1873,11,125,15,1,E13,4,13,0.0,J2,170
1897,11,126,15,1,F13,5,13,0.0,J2,171
1915,11,127,15,1,F9,5,9,0.0,J2,191
13,12,0,1,1,B18,1,18,7.0,J2,217
15,12,1,1,1,B20,1,20,7.0,J2,207
17,12,2,1,1,B22,1,22,7.0,J2,197
37,12,3,1,1,C18,2,18,7.0,J2,214
39,12,4,1,1,C20,2,20,7.0,J2,204
41,12,5,1,1,C22,2,22,7.0,J2,194
61,12,6,1,1,D18,3,18,7.0,J2,215
63,12,7,1,1,D20,3,20,7.0,J2,205
65,12,8,1,1,D22,3,22,7.0,J2,195
112,12,9,1,1,F21,5,21,7.0,J2,196
85,12,10,1,1,E18,4,18,7.0,J2,212
269,12,11,3,1,B18,1,18,6.0,J2,217
271,12,12,3,1,B20,1,20,6.0,J2,207
273,12,13,3,1,B22,1,22,6.0,J2,197
89,12,14,1,1,E22,4,22,7.0,J2,192
84,12,15,1,1,E17,4,17,7.0,J2,219
293,12,16,3,1,C18,2,18,6.0,J2,214
295,12,17,3,1,C20,2,20,6.0,J2,204
297,12,18,3,1,C22,2,22,6.0,J2,194
113,12,19,1,1,F22,5,22,7.0,J2,193
125,12,20,1,1,F16,5,16,7.0,J2,223
124,12,21,1,1,E16,4,16,7.0,J2,222
317,12,22,3,1,D18,3,18,6.0,J2,215
319,12,23,3,1,D20,3,20,6.0,J2,205
321,12,24,3,1,D22,3,22,6.0,J2,195
368,12,25,3,1,F21,5,21,6.0,J2,196
341,12,26,3,1,E18,4,18,6.0,J2,212
525,12,27,5,1,B18,1,18,5.0,J2,217
527,12,28,5,1,B20,1,20,5.0,J2,207
529,12,29,5,1,B22,1,22,5.0,J2,197
345,12,30,3,1,E22,4,22,6.0,J2,192
340,12,31,3,1,E17,4,17,6.0,J2,219
369,12,32,3,1,F22,5,22,6.0,J2,193
381,12,33,3,1,F16,5,16,6.0,J2,223
380,12,34,3,1,E16,4,16,6.0,J2,222
573,12,35,5,1,D18,3,18,5.0,J2,215
575,12,36,5,1,D20,3,20,5.0,J2,205
577,12,37,5,1,D22,3,22,5.0,J2,195
549,12,38,5,1,C18,2,18,5.0,J2,214
551,12,39,5,1,C20,2,20,5.0,J2,204
553,12,40,5,1,C22,2,22,5.0,J2,194
624,12,41,5,1,F21,5,21,5.0,J2,196
597,12,42,5,1,E18,4,18,5.0,J2,212
601,12,43,5,1,E22,4,22,5.0,J2,192
596,12,44,5,1,E17,4,17,5.0,J2,219
805,12,45,7,1,C18,2,18,4.0,J2,214
625,12,46,5,1,F22,5,22,5.0,J2,193
637,12,47,5,1,F16,5,16,5.0,J2,223
636,12,48,5,1,E16,4,16,5.0,J2,222
829,12,49,7,1,D18,3,18,4.0,J2,215
831,12,50,7,1,D20,3,20,4.0,J2,205
833,12,51,7,1,D22,3,22,4.0,J2,195
807,12,52,7,1,C20,2,20,4.0,J2,204
809,12,53,7,1,C22,2,22,4.0,J2,194
781,12,54,7,1,B18,1,18,4.0,J2,217
783,12,55,7,1,B20,1,20,4.0,J2,207
785,12,56,7,1,B22,1,22,4.0,J2,197
857,12,57,7,1,E22,4,22,4.0,J2,192
852,12,58,7,1,E17,4,17,4.0,J2,219
881,12,59,7,1,F22,5,22,4.0,J2,193
893,12,60,7,1,F16,5,16,4.0,J2,223
892,12,61,7,1,E16,4,16,4.0,J2,222
1085,12,62,9,1,D18,3,18,3.0,J2,215
1087,12,63,9,1,D20,3,20,3.0,J2,205
1089,12,64,9,1,D22,3,22,3.0,J2,195
1061,12,65,9,1,C18,2,18,3.0,J2,214
1063,12,66,9,1,C20,2,20,3.0,J2,204
1065,12,67,9,1,C22,2,22,3.0,J2,194
880,12,68,7,1,F21,5,21,4.0,J2,196
853,12,69,7,1,E18,4,18,4.0,J2,212
1037,12,70,9,1,B18,1,18,3.0,J2,217
1039,12,71,9,1,B20,1,20,3.0,J2,207
1041,12,72,9,1,B22,1,22,3.0,J2,197
1137,12,73,9,1,F22,5,22,3.0,J2,193
1149,12,74,9,1,F16,5,16,3.0,J2,223
1148,12,75,9,1,E16,4,16,3.0,J2,222
1341,12,76,11,1,D18,3,18,2.0,J2,215
1343,12,77,11,1,D20,3,20,2.0,J2,205
1345,12,78,11,1,D22,3,22,2.0,J2,195
1113,12,79,9,1,E22,4,22,3.0,J2,192
1108,12,80,9,1,E17,4,17,3.0,J2,219
1317,12,81,11,1,C18,2,18,2.0,J2,214
1319,12,82,11,1,C20,2,20,2.0,J2,204
1321,12,83,11,1,C22,2,22,2.0,J2,194
1136,12,84,9,1,F21,5,21,3.0,J2,196
1109,12,85,9,1,E18,4,18,3.0,J2,212
1293,12,86,11,1,B18,1,18,2.0,J2,217
1295,12,87,11,1,B20,1,20,2.0,J2,207
1297,12,88,11,1,B22,1,22,2.0,J2,197
1393,12,89,11,1,F22,5,22,2.0,J2,193
1405,12,90,11,1,F16,5,16,2.0,J2,223
1404,12,91,11,1,E16,4,16,2.0,J2,222
1597,12,92,13,1,D18,3,18,1.0,J2,215
1599,12,93,13,1,D20,3,20,1.0,J2,205
1601,12,94,13,1,D22,3,22,1.0,J2,195
1369,12,95,11,1,E22,4,22,2.0,J2,192
1364,12,96,11,1,E17,4,17,2.0,J2,219
1573,12,97,13,1,C18,2,18,1.0,J2,214
1575,12,98,13,1,C20,2,20,1.0,J2,204
1577,12,99,13,1,C22,2,22,1.0,J2,194
1392,12,100,11,1,F21,5,21,2.0,J2,196
1365,12,101,11,1,E18,4,18,2.0,J2,212
1549,12,102,13,1,B18,1,18,1.0,J2,217
1551,12,103,13,1,B20,1,20,1.0,J2,207
1553,12,104,13,1,B22,1,22,1.0,J2,197
1649,12,105,13,1,F22,5,22,1.0,J2,193
1661,12,106,13,1,F16,5,16,1.0,J2,223
1660,12,107,13,1,E16,4,16,1.0,J2,222
1853,12,108,15,1,D18,3,18,0.0,J2,215
1855,12,109,15,1,D20,3,20,0.0,J2,205
1857,12,110,15,1,D22,3,22,0.0,J2,195
1625,12,111,13,1,E22,4,22,1.0,J2,192
1620,12,112,13,1,E17,4,17,1.0,J2,219
1829,12,113,15,1,C18,2,18,0.0,J2,214
1831,12,114,15,1,C20,2,20,0.0,J2,204
1833,12,115,15,1,C22,2,22,0.0,J2,194
1648,12,116,13,1,F21,5,21,1.0,J2,196
1621,12,117,13,1,E18,4,18,1.0,J2,212
1805,12,118,15,1,B18,1,18,0.0,J2,217
1807,12,119,15,1,B20,1,20,0.0,J2,207
1809,12,120,15,1,B22,1,22,0.0,J2,197
1905,12,121,15,1,F22,5,22,0.0,J2,193
1917,12,122,15,1,F16,5,16,0.0,J2,223
1916,12,123,15,1,E16,4,16,0.0,J2,222
1881,12,124,15,1,E22,4,22,0.0,J2,192
1876,12,125,15,1,E17,4,17,0.0,J2,219
1904,12,126,15,1,F21,5,21,0.0,J2,196
1877,12,127,15,1,E18,4,18,0.0,J2,212
60,13,0,1,1,D17,3,17,7.0,J2,218
62,13,1,1,1,D19,3,19,7.0,J2,208
64,13,2,1,1,D21,3,21,7.0,J2,198
36,13,3,1,1,C17,2,17,7.0,J2,221
38,13,4,1,1,C19,2,19,7.0,J2,211
40,13,5,1,1,C21,2,21,7.0,J2,201
12,13,6,1,1,B17,1,17,7.0,J2,220
14,13,7,1,1,B19,1,19,7.0,J2,210
16,13,8,1,1,B21,1,21,7.0,J2,200
88,13,9,1,1,E21,4,21,7.0,J2,199
109,13,10,1,1,F18,5,18,7.0,J2,213
316,13,11,3,1,D17,3,17,6.0,J2,218
318,13,12,3,1,D19,3,19,6.0,J2,208
320,13,13,3,1,D21,3,21,6.0,J2,198
111,13,14,1,1,F20,5,20,7.0,J2,203
86,13,15,1,1,E19,4,19,7.0,J2,209
292,13,16,3,1,C17,2,17,6.0,J2,221
294,13,17,3,1,C19,2,19,6.0,J2,211
296,13,18,3,1,C21,2,21,6.0,J2,201
87,13,19,1,1,E20,4,20,7.0,J2,202
110,13,20,1,1,F19,5,19,7.0,J2,206
108,13,21,1,1,F17,5,17,7.0,J2,216
268,13,22,3,1,B17,1,17,6.0,J2,220
270,13,23,3,1,B19,1,19,6.0,J2,210
272,13,24,3,1,B21,1,21,6.0,J2,200
344,13,25,3,1,E21,4,21,6.0,J2,199
365,13,26,3,1,F18,5,18,6.0,J2,213
572,13,27,5,1,D17,3,17,5.0,J2,218
574,13,28,5,1,D19,3,19,5.0,J2,208
576,13,29,5,1,D21,3,21,5.0,J2,198
367,13,30,3,1,F20,5,20,6.0,J2,203
342,13,31,3,1,E19,4,19,6.0,J2,209
343,13,32,3,1,E20,4,20,6.0,J2,202
366,13,33,3,1,F19,5,19,6.0,J2,206
364,13,34,3,1,F17,5,17,6.0,J2,216
524,13,35,5,1,B17,1,17,5.0,J2,220
526,13,36,5,1,B19,1,19,5.0,J2,210
528,13,37,5,1,B21,1,21,5.0,J2,200
548,13,38,5,1,C17,2,17,5.0,J2,221
550,13,39,5,1,C19,2,19,5.0,J2,211
552,13,40,5,1,C21,2,21,5.0,J2,201
600,13,41,5,1,E21,4,21,5.0,J2,199
621,13,42,5,1,F18,5,18,5.0,J2,213
623,13,43,5,1,F20,5,20,5.0,J2,203
598,13,44,5,1,E19,4,19,5.0,J2,209
804,13,45,7,1,C17,2,17,4.0,J2,221
599,13,46,5,1,E20,4,20,5.0,J2,202
622,13,47,5,1,F19,5,19,5.0,J2,206
620,13,48,5,1,F17,5,17,5.0,J2,216
780,13,49,7,1,B17,1,17,4.0,J2,220
782,13,50,7,1,B19,1,19,4.0,J2,210
784,13,51,7,1,B21,1,21,4.0,J2,200
806,13,52,7,1,C19,2,19,4.0,J2,211
808,13,53,7,1,C21,2,21,4.0,J2,201
828,13,54,7,1,D17,3,17,4.0,J2,218
830,13,55,7,1,D19,3,19,4.0,J2,208
832,13,56,7,1,D21,3,21,4.0,J2,198
879,13,57,7,1,F20,5,20,4.0,J2,203
854,13,58,7,1,E19,4,19,4.0,J2,209
855,13,59,7,1,E20,4,20,4.0,J2,202
878,13,60,7,1,F19,5,19,4.0,J2,206
876,13,61,7,1,F17,5,17,4.0,J2,216
1036,13,62,9,1,B17,1,17,3.0,J2,220
1038,13,63,9,1,B19,1,19,3.0,J2,210
1040,13,64,9,1,B21,1,21,3.0,J2,200
1060,13,65,9,1,C17,2,17,3.0,J2,221
1062,13,66,9,1,C19,2,19,3.0,J2,211
1064,13,67,9,1,C21,2,21,3.0,J2,201
856,13,68,7,1,E21,4,21,4.0,J2,199
877,13,69,7,1,F18,5,18,4.0,J2,213
1084,13,70,9,1,D17,3,17,3.0,J2,218
1086,13,71,9,1,D19,3,19,3.0,J2,208
1088,13,72,9,1,D21,3,21,3.0,J2,198
1111,13,73,9,1,E20,4,20,3.0,J2,202
1134,13,74,9,1,F19,5,19,3.0,J2,206
1132,13,75,9,1,F17,5,17,3.0,J2,216
1292,13,76,11,1,B17,1,17,2.0,J2,220
1294,13,77,11,1,B19,1,19,2.0,J2,210
1296,13,78,11,1,B21,1,21,2.0,J2,200
1135,13,79,9,1,F20,5,20,3.0,J2,203
1110,13,80,9,1,E19,4,19,3.0,J2,209
1316,13,81,11,1,C17,2,17,2.0,J2,221
1318,13,82,11,1,C19,2,19,2.0,J2,211
1320,13,83,11,1,C21,2,21,2.0,J2,201
1112,13,84,9,1,E21,4,21,3.0,J2,199
1133,13,85,9,1,F18,5,18,3.0,J2,213
1340,13,86,11,1,D17,3,17,2.0,J2,218
1342,13,87,11,1,D19,3,19,2.0,J2,208
1344,13,88,11,1,D21,3,21,2.0,J2,198
1367,13,89,11,1,E20,4,20,2.0,J2,202
1390,13,90,11,1,F19,5,19,2.0,J2,206
1388,13,91,11,1,F17,5,17,2.0,J2,216
1548,13,92,13,1,B17,1,17,1.0,J2,220
1550,13,93,13,1,B19,1,19,1.0,J2,210
1552,13,94,13,1,B21,1,21,1.0,J2,200
1391,13,95,11,1,F20,5,20,2.0,J2,203
1366,13,96,11,1,E19,4,19,2.0,J2,209
1572,13,97,13,1,C17,2,17,1.0,J2,221
1574,13,98,13,1,C19,2,19,1.0,J2,211
1576,13,99,13,1,C21,2,21,1.0,J2,201
1368,13,100,11,1,E21,4,21,2.0,J2,199
1389,13,101,11,1,F18,5,18,2.0,J2,213
1596,13,102,13,1,D17,3,17,1.0,J2,218
1598,13,103,13,1,D19,3,19,1.0,J2,208
1600,13,104,13,1,D21,3,21,1.0,J2,198
1623,13,105,13,1,E20,4,20,1.0,J2,202
1646,13,106,13,1,F19,5,19,1.0,J2,206
1644,13,107,13,1,F17,5,17,1.0,J2,216
1804,13,108,15,1,B17,1,17,0.0,J2,220
1806,13,109,15,1,B19,1,19,0.0,J2,210
1808,13,110,15,1,B21,1,21,0.0,J2,200
1647,13,111,13,1,F20,5,20,1.0,J2,203
1622,13,112,13,1,E19,4,19,1.0,J2,209
1828,13,113,15,1,C17,2,17,0.0,J2,221
1830,13,114,15,1,C19,2,19,0.0,J2,211
1832,13,115,15,1,C21,2,21,0.0,J2,201
1624,13,116,13,1,E21,4,21,1.0,J2,199
1645,13,117,13,1,F18,5,18,1.0,J2,213
1852,13,118,15,1,D17,3,17,0.0,J2,218
1854,13,119,15,1,D19,3,19,0.0,J2,208
1856,13,120,15,1,D21,3,21,0.0,J2,198
1879,13,121,15,1,E20,4,20,0.0,J2,202
1902,13,122,15,1,F19,5,19,0.0,J2,206
1900,13,123,15,1,F17,5,17,0.0,J2,216
1903,13,124,15,1,F20,5,20,0.0,J2,203
1878,13,125,15,1,E19,4,19,0.0,J2,209
1880,13,126,15,1,E21,4,21,0.0,J2,199
1901,13,127,15,1,F18,5,18,0.0,J2,213
21,14,0,1,1,B27,1,27,7.0,J2,239
45,14,1,1,1,C27,2,27,7.0,J2,236
69,14,2,1,1,D27,3,27,7.0,J2,237
118,14,3,1,1,F28,5,28,7.0,J2,228
91,14,4,1,1,E25,4,25,7.0,J2,244
22,14,5,1,1,B28,1,28,7.0,J2,232
46,14,6,1,1,C28,2,28,7.0,J2,233
70,14,7,1,1,D28,3,28,7.0,J2,230
95,14,8,1,1,E29,4,29,7.0,J2,224
90,14,9,1,1,E24,4,24,7.0,J2,251
23,14,10,1,1,B29,1,29,7.0,J2,229
47,14,11,1,1,C29,2,29,7.0,J2,226
71,14,12,1,1,D29,3,29,7.0,J2,227
119,14,13,1,1,F29,5,29,7.0,J2,225
127,14,14,1,1,F23,5,23,7.0,J2,255
126,14,15,1,1,E23,4,23,7.0,J2,254
277,14,16,3,1,B27,1,27,6.0,J2,239
301,14,17,3,1,C27,2,27,6.0,J2,236
325,14,18,3,1,D27,3,27,6.0,J2,237
374,14,19,3,1,F28,5,28,6.0,J2,228
347,14,20,3,1,E25,4,25,6.0,J2,244
278,14,21,3,1,B28,1,28,6.0,J2,232
302,14,22,3,1,C28,2,28,6.0,J2,233
326,14,23,3,1,D28,3,28,6.0,J2,230
279,14,24,3,1,B29,1,29,6.0,J2,229
303,14,25,3,1,C29,2,29,6.0,J2,226
327,14,26,3,1,D29,3,29,6.0,J2,227
375,14,27,3,1,F29,5,29,6.0,J2,225
383,14,28,3,1,F23,5,23,6.0,J2,255
382,14,29,3,1,E23,4,23,6.0,J2,254
351,14,30,3,1,E29,4,29,6.0,J2,224
346,14,31,3,1,E24,4,24,6.0,J2,251
533,14,32,5,1,B27,1,27,5.0,J2,239
557,14,33,5,1,C27,2,27,5.0,J2,236
581,14,34,5,1,D27,3,27,5.0,J2,237
630,14,35,5,1,F28,5,28,5.0,J2,228
534,14,36,5,1,B28,1,28,5.0,J2,232
558,14,37,5,1,C28,2,28,5.0,J2,233
535,14,38,5,1,B29,1,29,5.0,J2,229
559,14,39,5,1,C29,2,29,5.0,J2,226
583,14,40,5,1,D29,3,29,5.0,J2,227
631,14,41,5,1,F29,5,29,5.0,J2,225
639,14,42,5,1,F23,5,23,5.0,J2,255
638,14,43,5,1,E23,4,23,5.0,J2,254
582,14,44,5,1,D28,3,28,5.0,J2,230
607,14,45,5,1,E29,4,29,5.0,J2,224
602,14,46,5,1,E24,4,24,5.0,J2,251
603,14,47,5,1,E25,4,25,5.0,J2,244
789,14,48,7,1,B27,1,27,4.0,J2,239
790,14,49,7,1,B28,1,28,4.0,J2,232
814,14,50,7,1,C28,2,28,4.0,J2,233
791,14,51,7,1,B29,1,29,4.0,J2,229
815,14,52,7,1,C29,2,29,4.0,J2,226
839,14,53,7,1,D29,3,29,4.0,J2,227
887,14,54,7,1,F29,5,29,4.0,J2,225
895,14,55,7,1,F23,5,23,4.0,J2,255
894,14,56,7,1,E23,4,23,4.0,J2,254
838,14,57,7,1,D28,3,28,4.0,J2,230
863,14,58,7,1,E29,4,29,4.0,J2,224
858,14,59,7,1,E24,4,24,4.0,J2,251
813,14,60,7,1,C27,2,27,4.0,J2,236
837,14,61,7,1,D27,3,27,4.0,J2,237
886,14,62,7,1,F28,5,28,4.0,J2,228
859,14,63,7,1,E25,4,25,4.0,J2,244
1047,14,64,9,1,B29,1,29,3.0,J2,229
1071,14,65,9,1,C29,2,29,3.0,J2,226
1095,14,66,9,1,D29,3,29,3.0,J2,227
1143,14,67,9,1,F29,5,29,3.0,J2,225
1151,14,68,9,1,F23,5,23,3.0,J2,255
1150,14,69,9,1,E23,4,23,3.0,J2,254
1046,14,70,9,1,B28,1,28,3.0,J2,232
1070,14,71,9,1,C28,2,28,3.0,J2,233
1094,14,72,9,1,D28,3,28,3.0,J2,230
1119,14,73,9,1,E29,4,29,3.0,J2,224
1114,14,74,9,1,E24,4,24,3.0,J2,251
1045,14,75,9,1,B27,1,27,3.0,J2,239
1069,14,76,9,1,C27,2,27,3.0,J2,236
1093,14,77,9,1,D27,3,27,3.0,J2,237
1142,14,78,9,1,F28,5,28,3.0,J2,228
1115,14,79,9,1,E25,4,25,3.0,J2,244
1303,14,80,11,1,B29,1,29,2.0,J2,229
1327,14,81,11,1,C29,2,29,2.0,J2,226
1351,14,82,11,1,D29,3,29,2.0,J2,227
1399,14,83,11,1,F29,5,29,2.0,J2,225
1407,14,84,11,1,F23,5,23,2.0,J2,255
1406,14,85,11,1,E23,4,23,2.0,J2,254
1302,14,86,11,1,B28,1,28,2.0,J2,232
1326,14,87,11,1,C28,2,28,2.0,J2,233
1350,14,88,11,1,D28,3,28,2.0,J2,230
1375,14,89,11,1,E29,4,29,2.0,J2,224
1370,14,90,11,1,E24,4,24,2.0,J2,251
1301,14,91,11,1,B27,1,27,2.0,J2,239
1325,14,92,11,1,C27,2,27,2.0,J2,236
1349,14,93,11,1,D27,3,27,2.0,J2,237
1398,14,94,11,1,F28,5,28,2.0,J2,228
1371,14,95,11,1,E25,4,25,2.0,J2,244
1559,14,96,13,1,B29,1,29,1.0,J2,229
1583,14,97,13,1,C29,2,29,1.0,J2,226
1607,14,98,13,1,D29,3,29,1.0,J2,227
1655,14,99,13,1,F29,5,29,1.0,J2,225
1663,14,100,13,1,F23,5,23,1.0,J2,255
1662,14,101,13,1,E23,4,23,1.0,J2,254
1558,14,102,13,1,B28,1,28,1.0,J2,232
1582,14,103,13,1,C28,2,28,1.0,J2,233
1606,14,104,13,1,D28,3,28,1.0,J2,230
1631,14,105,13,1,E29,4,29,1.0,J2,224
1626,14,106,13,1,E24,4,24,1.0,J2,251
1557,14,107,13,1,B27,1,27,1.0,J2,239
1581,14,108,13,1,C27,2,27,1.0,J2,236
1605,14,109,13,1,D27,3,27,1.0,J2,237
1654,14,110,13,1,F28,5,28,1.0,J2,228
1627,14,111,13,1,E25,4,25,1.0,J2,244
1815,14,112,15,1,B29,1,29,0.0,J2,229
1839,14,113,15,1,C29,2,29,0.0,J2,226
1863,14,114,15,1,D29,3,29,0.0,J2,227
1911,14,115,15,1,F29,5,29,0.0,J2,225
1919,14,116,15,1,F23,5,23,0.0,J2,255
1918,14,117,15,1,E23,4,23,0.0,J2,254
1814,14,118,15,1,B28,1,28,0.0,J2,232
1838,14,119,15,1,C28,2,28,0.0,J2,233
1862,14,120,15,1,D28,3,28,0.0,J2,230
1887,14,121,15,1,E29,4,29,0.0,J2,224
1882,14,122,15,1,E24,4,24,0.0,J2,251
1813,14,123,15,1,B27,1,27,0.0,J2,239
1837,14,124,15,1,C27,2,27,0.0,J2,236
1861,14,125,15,1,D27,3,27,0.0,J2,237
1910,14,126,15,1,F28,5,28,0.0,J2,228
1883,14,127,15,1,E25,4,25,0.0,J2,244
20,15,0,1,1,B26,1,26,7.0,J2,242
44,15,1,1,1,C26,2,26,7.0,J2,243
68,15,2,1,1,D26,3,26,7.0,J2,240
94,15,3,1,1,E28,4,28,7.0,J2,231
115,15,4,1,1,F25,5,25,7.0,J2,245
19,15,5,1,1,B25,1,25,7.0,J2,249
43,15,6,1,1,C25,2,25,7.0,J2,246
67,15,7,1,1,D25,3,25,7.0,J2,247
117,15,8,1,1,F27,5,27,7.0,J2,235
92,15,9,1,1,E26,4,26,7.0,J2,241
18,15,10,1,1,B24,1,24,7.0,J2,252
42,15,11,1,1,C24,2,24,7.0,J2,253
66,15,12,1,1,D24,3,24,7.0,J2,250
93,15,13,1,1,E27,4,27,7.0,J2,234
116,15,14,1,1,F26,5,26,7.0,J2,238
114,15,15,1,1,F24,5,24,7.0,J2,248
276,15,16,3,1,B26,1,26,6.0,J2,242
300,15,17,3,1,C26,2,26,6.0,J2,243
324,15,18,3,1,D26,3,26,6.0,J2,240
350,15,19,3,1,E28,4,28,6.0,J2,231
371,15,20,3,1,F25,5,25,6.0,J2,245
275,15,21,3,1,B25,1,25,6.0,J2,249
299,15,22,3,1,C25,2,25,6.0,J2,246
323,15,23,3,1,D25,3,25,6.0,J2,247
274,15,24,3,1,B24,1,24,6.0,J2,252
298,15,25,3,1,C24,2,24,6.0,J2,253
322,15,26,3,1,D24,3,24,6.0,J2,250
349,15,27,3,1,E27,4,27,6.0,J2,234
372,15,28,3,1,F26,5,26,6.0,J2,238
370,15,29,3,1,F24,5,24,6.0,J2,248
373,15,30,3,1,F27,5,27,6.0,J2,235
348,15,31,3,1,E26,4,26,6.0,J2,241
532,15,32,5,1,B26,1,26,5.0,J2,242
556,15,33,5,1,C26,2,26,5.0,J2,243
580,15,34,5,1,D26,3,26,5.0,J2,240
606,15,35,5,1,E28,4,28,5.0,J2,231
531,15,36,5,1,B25,1,25,5.0,J2,249
555,15,37,5,1,C25,2,25,5.0,J2,246
530,15,38,5,1,B24,1,24,5.0,J2,252
554,15,39,5,1,C24,2,24,5.0,J2,253
578,15,40,5,1,D24,3,24,5.0,J2,250
605,15,41,5,1,E27,4,27,5.0,J2,234
628,15,42,5,1,F26,5,26,5.0,J2,238
626,15,43,5,1,F24,5,24,5.0,J2,248
579,15,44,5,1,D25,3,25,5.0,J2,247
629,15,45,5,1,F27,5,27,5.0,J2,235
604,15,46,5,1,E26,4,26,5.0,J2,241
627,15,47,5,1,F25,5,25,5.0,J2,245
788,15,48,7,1,B26,1,26,4.0,J2,242
787,15,49,7,1,B25,1,25,4.0,J2,249
811,15,50,7,1,C25,2,25,4.0,J2,246
786,15,51,7,1,B24,1,24,4.0,J2,252
810,15,52,7,1,C24,2,24,4.0,J2,253
834,15,53,7,1,D24,3,24,4.0,J2,250
861,15,54,7,1,E27,4,27,4.0,J2,234
884,15,55,7,1,F26,5,26,4.0,J2,238
882,15,56,7,1,F24,5,24,4.0,J2,248
835,15,57,7,1,D25,3,25,4.0,J2,247
885,15,58,7,1,F27,5,27,4.0,J2,235
860,15,59,7,1,E26,4,26,4.0,J2,241
812,15,60,7,1,C26,2,26,4.0,J2,243
836,15,61,7,1,D26,3,26,4.0,J2,240
862,15,62,7,1,E28,4,28,4.0,J2,231
883,15,63,7,1,F25,5,25,4.0,J2,245
1042,15,64,9,1,B24,1,24,3.0,J2,252
1066,15,65,9,1,C24,2,24,3.0,J2,253
1090,15,66,9,1,D24,3,24,3.0,J2,250
1117,15,67,9,1,E27,4,27,3.0,J2,234
1140,15,68,9,1,F26,5,26,3.0,J2,238
1138,15,69,9,1,F24,5,24,3.0,J2,248
1043,15,70,9,1,B25,1,25,3.0,J2,249
1067,15,71,9,1,C25,2,25,3.0,J2,246
1091,15,72,9,1,D25,3,25,3.0,J2,247
1141,15,73,9,1,F27,5,27,3.0,J2,235
1116,15,74,9,1,E26,4,26,3.0,J2,241
1044,15,75,9,1,B26,1,26,3.0,J2,242
1068,15,76,9,1,C26,2,26,3.0,J2,243
1092,15,77,9,1,D26,3,26,3.0,J2,240
1118,15,78,9,1,E28,4,28,3.0,J2,231
1139,15,79,9,1,F25,5,25,3.0,J2,245
1298,15,80,11,1,B24,1,24,2.0,J2,252
1322,15,81,11,1,C24,2,24,2.0,J2,253
1346,15,82,11,1,D24,3,24,2.0,J2,250
1373,15,83,11,1,E27,4,27,2.0,J2,234
1396,15,84,11,1,F26,5,26,2.0,J2,238
1394,15,85,11,1,F24,5,24,2.0,J2,248
1299,15,86,11,1,B25,1,25,2.0,J2,249
1323,15,87,11,1,C25,2,25,2.0,J2,246
1347,15,88,11,1,D25,3,25,2.0,J2,247
1397,15,89,11,1,F27,5,27,2.0,J2,235
1372,15,90,11,1,E26,4,26,2.0,J2,241
1300,15,91,11,1,B26,1,26,2.0,J2,242
1324,15,92,11,1,C26,2,26,2.0,J2,243
1348,15,93,11,1,D26,3,26,2.0,J2,240
1374,15,94,11,1,E28,4,28,2.0,J2,231
1395,15,95,11,1,F25,5,25,2.0,J2,245
1554,15,96,13,1,B24,1,24,1.0,J2,252
1578,15,97,13,1,C24,2,24,1.0,J2,253
1602,15,98,13,1,D24,3,24,1.0,J2,250
1629,15,99,13,1,E27,4,27,1.0,J2,234
1652,15,100,13,1,F26,5,26,1.0,J2,238
1650,15,101,13,1,F24,5,24,1.0,J2,248
1555,15,102,13,1,B25,1,25,1.0,J2,249
1579,15,103,13,1,C25,2,25,1.0,J2,246
1603,15,104,13,1,D25,3,25,1.0,J2,247
1653,15,105,13,1,F27,5,27,1.0,J2,235
1628,15,106,13,1,E26,4,26,1.0,J2,241
1556,15,107,13,1,B26,1,26,1.0,J2,242
1580,15,108,13,1,C26,2,26,1.0,J2,243
1604,15,109,13,1,D26,3,26,1.0,J2,240
1630,15,110,13,1,E28,4,28,1.0,J2,231
1651,15,111,13,1,F25,5,25,1.0,J2,245
1810,15,112,15,1,B24,1,24,0.0,J2,252
1834,15,113,15,1,C24,2,24,0.0,J2,253
1858,15,114,15,1,D24,3,24,0.0,J2,250
1885,15,115,15,1,E27,4,27,0.0,J2,234
1908,15,116,15,1,F26,5,26,0.0,J2,238
1906,15,117,15,1,F24,5,24,0.0,J2,248
1811,15,118,15,1,B25,1,25,0.0,J2,249
1835,15,119,15,1,C25,2,25,0.0,J2,246
1859,15,120,15,1,D25,3,25,0.0,J2,247
1909,15,121,15,1,F27,5,27,0.0,J2,235
1884,15,122,15,1,E26,4,26,0.0,J2,241
1812,15,123,15,1,B26,1,26,0.0,J2,242
1836,15,124,15,1,C26,2,26,0.0,J2,243
1860,15,125,15,1,D26,3,26,0.0,J2,240
1886,15,126,15,1,E28,4,28,0.0,J2,231
1907,15,127,15,1,F25,5,25,0.0,J2,245
